--
-- PostgreSQL database dump
--

\restrict dHvrnvLvsgkpMeAbfdDx19K6QuSJP3RVtjfOcQ8s0IebIIRTe1VoyWAkTpymH35

-- Dumped from database version 18.0
-- Dumped by pg_dump version 18.0

SET statement_timeout = 0;
SET lock_timeout = 0;
SET idle_in_transaction_session_timeout = 0;
SET transaction_timeout = 0;
SET client_encoding = 'UTF8';
SET standard_conforming_strings = on;
SELECT pg_catalog.set_config('search_path', '', false);
SET check_function_bodies = false;
SET xmloption = content;
SET client_min_messages = warning;
SET row_security = off;

SET default_tablespace = '';

SET default_table_access_method = heap;

--
-- Name: aluno; Type: TABLE; Schema: public; Owner: postgres
--

CREATE TABLE public.aluno (
    criado_em timestamp with time zone NOT NULL,
    atualizado_em timestamp with time zone NOT NULL,
    id_aluno integer NOT NULL,
    numero_bi character varying(20),
    nome_completo character varying(150) NOT NULL,
    email character varying(250),
    numero_matricula bigint,
    telefone character varying(10) NOT NULL,
    provincia_residencia character varying(100),
    municipio_residencia character varying(100),
    bairro_residencia character varying(100),
    numero_casa character varying(100),
    senha_hash character varying(255),
    genero character varying(1),
    status_aluno character varying(20) NOT NULL,
    modo_user character varying(20) NOT NULL,
    img_path character varying(100),
    is_online boolean NOT NULL,
    id_turma_id integer,
    data_nascimento date,
    deficiencia character varying(3) NOT NULL,
    nacionalidade character varying(50) NOT NULL,
    naturalidade character varying(100)
);


ALTER TABLE public.aluno OWNER TO postgres;

--
-- Name: aluno_encarregado; Type: TABLE; Schema: public; Owner: postgres
--

CREATE TABLE public.aluno_encarregado (
    id_aluno_encarregado integer NOT NULL,
    grau_parentesco character varying(80),
    id_aluno_id integer NOT NULL,
    id_encarregado_id integer NOT NULL
);


ALTER TABLE public.aluno_encarregado OWNER TO postgres;

--
-- Name: aluno_encarregado_id_aluno_encarregado_seq; Type: SEQUENCE; Schema: public; Owner: postgres
--

ALTER TABLE public.aluno_encarregado ALTER COLUMN id_aluno_encarregado ADD GENERATED BY DEFAULT AS IDENTITY (
    SEQUENCE NAME public.aluno_encarregado_id_aluno_encarregado_seq
    START WITH 1
    INCREMENT BY 1
    NO MINVALUE
    NO MAXVALUE
    CACHE 1
);


--
-- Name: aluno_id_aluno_seq; Type: SEQUENCE; Schema: public; Owner: postgres
--

ALTER TABLE public.aluno ALTER COLUMN id_aluno ADD GENERATED BY DEFAULT AS IDENTITY (
    SEQUENCE NAME public.aluno_id_aluno_seq
    START WITH 1
    INCREMENT BY 1
    NO MINVALUE
    NO MAXVALUE
    CACHE 1
);


--
-- Name: ano_lectivo; Type: TABLE; Schema: public; Owner: postgres
--

CREATE TABLE public.ano_lectivo (
    criado_em timestamp with time zone NOT NULL,
    atualizado_em timestamp with time zone NOT NULL,
    id_ano integer NOT NULL,
    nome character varying(20) NOT NULL,
    data_inicio date NOT NULL,
    data_fim date NOT NULL,
    activo boolean NOT NULL,
    status character varying(20) NOT NULL,
    data_exame_admissao date,
    data_teste_diagnostico date,
    fim_inscricoes date,
    fim_matriculas date,
    inicio_inscricoes date,
    inicio_matriculas date,
    fecho_automatico_inscricoes boolean NOT NULL,
    hora_fechamento time without time zone NOT NULL
);


ALTER TABLE public.ano_lectivo OWNER TO postgres;

--
-- Name: ano_lectivo_id_ano_seq; Type: SEQUENCE; Schema: public; Owner: postgres
--

ALTER TABLE public.ano_lectivo ALTER COLUMN id_ano ADD GENERATED BY DEFAULT AS IDENTITY (
    SEQUENCE NAME public.ano_lectivo_id_ano_seq
    START WITH 1
    INCREMENT BY 1
    NO MINVALUE
    NO MAXVALUE
    CACHE 1
);


--
-- Name: area_formacao; Type: TABLE; Schema: public; Owner: postgres
--

CREATE TABLE public.area_formacao (
    criado_em timestamp with time zone NOT NULL,
    atualizado_em timestamp with time zone NOT NULL,
    id_area_formacao integer NOT NULL,
    nome_area character varying(150) NOT NULL,
    id_responsavel_id integer
);


ALTER TABLE public.area_formacao OWNER TO postgres;

--
-- Name: area_formacao_id_area_formacao_seq; Type: SEQUENCE; Schema: public; Owner: postgres
--

ALTER TABLE public.area_formacao ALTER COLUMN id_area_formacao ADD GENERATED BY DEFAULT AS IDENTITY (
    SEQUENCE NAME public.area_formacao_id_area_formacao_seq
    START WITH 1
    INCREMENT BY 1
    NO MINVALUE
    NO MAXVALUE
    CACHE 1
);


--
-- Name: auth_group; Type: TABLE; Schema: public; Owner: postgres
--

CREATE TABLE public.auth_group (
    id integer NOT NULL,
    name character varying(150) NOT NULL
);


ALTER TABLE public.auth_group OWNER TO postgres;

--
-- Name: auth_group_id_seq; Type: SEQUENCE; Schema: public; Owner: postgres
--

ALTER TABLE public.auth_group ALTER COLUMN id ADD GENERATED BY DEFAULT AS IDENTITY (
    SEQUENCE NAME public.auth_group_id_seq
    START WITH 1
    INCREMENT BY 1
    NO MINVALUE
    NO MAXVALUE
    CACHE 1
);


--
-- Name: auth_group_permissions; Type: TABLE; Schema: public; Owner: postgres
--

CREATE TABLE public.auth_group_permissions (
    id bigint NOT NULL,
    group_id integer NOT NULL,
    permission_id integer NOT NULL
);


ALTER TABLE public.auth_group_permissions OWNER TO postgres;

--
-- Name: auth_group_permissions_id_seq; Type: SEQUENCE; Schema: public; Owner: postgres
--

ALTER TABLE public.auth_group_permissions ALTER COLUMN id ADD GENERATED BY DEFAULT AS IDENTITY (
    SEQUENCE NAME public.auth_group_permissions_id_seq
    START WITH 1
    INCREMENT BY 1
    NO MINVALUE
    NO MAXVALUE
    CACHE 1
);


--
-- Name: auth_permission; Type: TABLE; Schema: public; Owner: postgres
--

CREATE TABLE public.auth_permission (
    id integer NOT NULL,
    name character varying(255) NOT NULL,
    content_type_id integer NOT NULL,
    codename character varying(100) NOT NULL
);


ALTER TABLE public.auth_permission OWNER TO postgres;

--
-- Name: auth_permission_id_seq; Type: SEQUENCE; Schema: public; Owner: postgres
--

ALTER TABLE public.auth_permission ALTER COLUMN id ADD GENERATED BY DEFAULT AS IDENTITY (
    SEQUENCE NAME public.auth_permission_id_seq
    START WITH 1
    INCREMENT BY 1
    NO MINVALUE
    NO MAXVALUE
    CACHE 1
);


--
-- Name: auth_user; Type: TABLE; Schema: public; Owner: postgres
--

CREATE TABLE public.auth_user (
    id integer NOT NULL,
    password character varying(128) NOT NULL,
    last_login timestamp with time zone,
    is_superuser boolean NOT NULL,
    username character varying(150) NOT NULL,
    first_name character varying(150) NOT NULL,
    last_name character varying(150) NOT NULL,
    email character varying(254) NOT NULL,
    is_staff boolean NOT NULL,
    is_active boolean NOT NULL,
    date_joined timestamp with time zone NOT NULL
);


ALTER TABLE public.auth_user OWNER TO postgres;

--
-- Name: auth_user_groups; Type: TABLE; Schema: public; Owner: postgres
--

CREATE TABLE public.auth_user_groups (
    id bigint NOT NULL,
    user_id integer NOT NULL,
    group_id integer NOT NULL
);


ALTER TABLE public.auth_user_groups OWNER TO postgres;

--
-- Name: auth_user_groups_id_seq; Type: SEQUENCE; Schema: public; Owner: postgres
--

ALTER TABLE public.auth_user_groups ALTER COLUMN id ADD GENERATED BY DEFAULT AS IDENTITY (
    SEQUENCE NAME public.auth_user_groups_id_seq
    START WITH 1
    INCREMENT BY 1
    NO MINVALUE
    NO MAXVALUE
    CACHE 1
);


--
-- Name: auth_user_id_seq; Type: SEQUENCE; Schema: public; Owner: postgres
--

ALTER TABLE public.auth_user ALTER COLUMN id ADD GENERATED BY DEFAULT AS IDENTITY (
    SEQUENCE NAME public.auth_user_id_seq
    START WITH 1
    INCREMENT BY 1
    NO MINVALUE
    NO MAXVALUE
    CACHE 1
);


--
-- Name: auth_user_user_permissions; Type: TABLE; Schema: public; Owner: postgres
--

CREATE TABLE public.auth_user_user_permissions (
    id bigint NOT NULL,
    user_id integer NOT NULL,
    permission_id integer NOT NULL
);


ALTER TABLE public.auth_user_user_permissions OWNER TO postgres;

--
-- Name: auth_user_user_permissions_id_seq; Type: SEQUENCE; Schema: public; Owner: postgres
--

ALTER TABLE public.auth_user_user_permissions ALTER COLUMN id ADD GENERATED BY DEFAULT AS IDENTITY (
    SEQUENCE NAME public.auth_user_user_permissions_id_seq
    START WITH 1
    INCREMENT BY 1
    NO MINVALUE
    NO MAXVALUE
    CACHE 1
);


--
-- Name: candidato; Type: TABLE; Schema: public; Owner: postgres
--

CREATE TABLE public.candidato (
    criado_em timestamp with time zone NOT NULL,
    atualizado_em timestamp with time zone NOT NULL,
    id_candidato integer NOT NULL,
    numero_inscricao character varying(20) NOT NULL,
    nome_completo character varying(150) NOT NULL,
    genero character varying(1) NOT NULL,
    data_nascimento date NOT NULL,
    numero_bi character varying(20) NOT NULL,
    nacionalidade character varying(50) NOT NULL,
    residencia character varying(200) NOT NULL,
    telefone character varying(30) NOT NULL,
    email character varying(254),
    escola_proveniencia character varying(150) NOT NULL,
    municipio_escola character varying(100) NOT NULL,
    ano_conclusao integer NOT NULL,
    media_final numeric(4,2) NOT NULL,
    turno_preferencial character varying(20),
    nome_encarregado character varying(150) NOT NULL,
    parentesco_encarregado character varying(50) NOT NULL,
    telefone_encarregado character varying(30) NOT NULL,
    status character varying(20) NOT NULL,
    curso_primeira_opcao_id integer,
    curso_segunda_opcao_id integer,
    certificado character varying(100),
    comprovativo_bi character varying(100),
    foto_passe character varying(100),
    ano_lectivo_id integer,
    email_encarregado character varying(254),
    numero_bi_encarregado character varying(20),
    deficiencia character varying(3) NOT NULL,
    naturalidade character varying(100) NOT NULL,
    tipo_escola character varying(20) NOT NULL,
    profissao_encarregado character varying(100),
    residencia_encarregado character varying(200),
    telefone_alternativo_encarregado character varying(30),
    municipio character varying(100),
    provincia character varying(100)
);


ALTER TABLE public.candidato OWNER TO postgres;

--
-- Name: candidato_id_candidato_seq; Type: SEQUENCE; Schema: public; Owner: postgres
--

ALTER TABLE public.candidato ALTER COLUMN id_candidato ADD GENERATED BY DEFAULT AS IDENTITY (
    SEQUENCE NAME public.candidato_id_candidato_seq
    START WITH 1
    INCREMENT BY 1
    NO MINVALUE
    NO MAXVALUE
    CACHE 1
);


--
-- Name: cargo; Type: TABLE; Schema: public; Owner: postgres
--

CREATE TABLE public.cargo (
    criado_em timestamp with time zone NOT NULL,
    atualizado_em timestamp with time zone NOT NULL,
    id_cargo integer NOT NULL,
    nome_cargo character varying(100) NOT NULL
);


ALTER TABLE public.cargo OWNER TO postgres;

--
-- Name: cargo_funcionario; Type: TABLE; Schema: public; Owner: postgres
--

CREATE TABLE public.cargo_funcionario (
    id_cargo_funcionario integer NOT NULL,
    data_inicio date,
    data_fim date,
    id_cargo_id integer NOT NULL,
    id_funcionario_id integer NOT NULL
);


ALTER TABLE public.cargo_funcionario OWNER TO postgres;

--
-- Name: cargo_funcionario_id_cargo_funcionario_seq; Type: SEQUENCE; Schema: public; Owner: postgres
--

ALTER TABLE public.cargo_funcionario ALTER COLUMN id_cargo_funcionario ADD GENERATED BY DEFAULT AS IDENTITY (
    SEQUENCE NAME public.cargo_funcionario_id_cargo_funcionario_seq
    START WITH 1
    INCREMENT BY 1
    NO MINVALUE
    NO MAXVALUE
    CACHE 1
);


--
-- Name: cargo_id_cargo_seq; Type: SEQUENCE; Schema: public; Owner: postgres
--

ALTER TABLE public.cargo ALTER COLUMN id_cargo ADD GENERATED BY DEFAULT AS IDENTITY (
    SEQUENCE NAME public.cargo_id_cargo_seq
    START WITH 1
    INCREMENT BY 1
    NO MINVALUE
    NO MAXVALUE
    CACHE 1
);


--
-- Name: classe; Type: TABLE; Schema: public; Owner: postgres
--

CREATE TABLE public.classe (
    id_classe integer NOT NULL,
    nivel smallint NOT NULL,
    descricao character varying(80)
);


ALTER TABLE public.classe OWNER TO postgres;

--
-- Name: classe_id_classe_seq; Type: SEQUENCE; Schema: public; Owner: postgres
--

ALTER TABLE public.classe ALTER COLUMN id_classe ADD GENERATED BY DEFAULT AS IDENTITY (
    SEQUENCE NAME public.classe_id_classe_seq
    START WITH 1
    INCREMENT BY 1
    NO MINVALUE
    NO MAXVALUE
    CACHE 1
);


--
-- Name: configuracao; Type: TABLE; Schema: public; Owner: postgres
--

CREATE TABLE public.configuracao (
    id_config integer NOT NULL,
    candidaturas_abertas boolean NOT NULL,
    mensagem_candidaturas_fechadas text NOT NULL,
    logo character varying(100),
    nome_escola character varying(200) NOT NULL,
    data_fim_candidatura timestamp with time zone,
    fechamento_automatico boolean NOT NULL
);


ALTER TABLE public.configuracao OWNER TO postgres;

--
-- Name: configuracao_id_config_seq; Type: SEQUENCE; Schema: public; Owner: postgres
--

ALTER TABLE public.configuracao ALTER COLUMN id_config ADD GENERATED BY DEFAULT AS IDENTITY (
    SEQUENCE NAME public.configuracao_id_config_seq
    START WITH 1
    INCREMENT BY 1
    NO MINVALUE
    NO MAXVALUE
    CACHE 1
);


--
-- Name: curso; Type: TABLE; Schema: public; Owner: postgres
--

CREATE TABLE public.curso (
    criado_em timestamp with time zone NOT NULL,
    atualizado_em timestamp with time zone NOT NULL,
    id_curso integer NOT NULL,
    nome_curso character varying(150) NOT NULL,
    id_area_formacao_id integer,
    id_responsavel_id integer,
    duracao integer
);


ALTER TABLE public.curso OWNER TO postgres;

--
-- Name: curso_id_curso_seq; Type: SEQUENCE; Schema: public; Owner: postgres
--

ALTER TABLE public.curso ALTER COLUMN id_curso ADD GENERATED BY DEFAULT AS IDENTITY (
    SEQUENCE NAME public.curso_id_curso_seq
    START WITH 1
    INCREMENT BY 1
    NO MINVALUE
    NO MAXVALUE
    CACHE 1
);


--
-- Name: departamento; Type: TABLE; Schema: public; Owner: postgres
--

CREATE TABLE public.departamento (
    id_departamento integer NOT NULL,
    nome_departamento character varying(150) NOT NULL,
    chefe_id_funcionario_id integer
);


ALTER TABLE public.departamento OWNER TO postgres;

--
-- Name: departamento_id_departamento_seq; Type: SEQUENCE; Schema: public; Owner: postgres
--

ALTER TABLE public.departamento ALTER COLUMN id_departamento ADD GENERATED BY DEFAULT AS IDENTITY (
    SEQUENCE NAME public.departamento_id_departamento_seq
    START WITH 1
    INCREMENT BY 1
    NO MINVALUE
    NO MAXVALUE
    CACHE 1
);


--
-- Name: disciplina; Type: TABLE; Schema: public; Owner: postgres
--

CREATE TABLE public.disciplina (
    criado_em timestamp with time zone NOT NULL,
    atualizado_em timestamp with time zone NOT NULL,
    id_disciplina integer NOT NULL,
    nome character varying(150) NOT NULL,
    carga_horaria integer,
    id_coordenador_id integer,
    id_tipo_disciplina_id integer
);


ALTER TABLE public.disciplina OWNER TO postgres;

--
-- Name: disciplina_curso; Type: TABLE; Schema: public; Owner: postgres
--

CREATE TABLE public.disciplina_curso (
    id_disciplina_curso integer NOT NULL,
    id_curso_id integer NOT NULL,
    id_disciplina_id integer NOT NULL
);


ALTER TABLE public.disciplina_curso OWNER TO postgres;

--
-- Name: disciplina_curso_id_disciplina_curso_seq; Type: SEQUENCE; Schema: public; Owner: postgres
--

ALTER TABLE public.disciplina_curso ALTER COLUMN id_disciplina_curso ADD GENERATED BY DEFAULT AS IDENTITY (
    SEQUENCE NAME public.disciplina_curso_id_disciplina_curso_seq
    START WITH 1
    INCREMENT BY 1
    NO MINVALUE
    NO MAXVALUE
    CACHE 1
);


--
-- Name: disciplina_id_disciplina_seq; Type: SEQUENCE; Schema: public; Owner: postgres
--

ALTER TABLE public.disciplina ALTER COLUMN id_disciplina ADD GENERATED BY DEFAULT AS IDENTITY (
    SEQUENCE NAME public.disciplina_id_disciplina_seq
    START WITH 1
    INCREMENT BY 1
    NO MINVALUE
    NO MAXVALUE
    CACHE 1
);


--
-- Name: django_admin_log; Type: TABLE; Schema: public; Owner: postgres
--

CREATE TABLE public.django_admin_log (
    id integer NOT NULL,
    action_time timestamp with time zone NOT NULL,
    object_id text,
    object_repr character varying(200) NOT NULL,
    action_flag smallint NOT NULL,
    change_message text NOT NULL,
    content_type_id integer,
    user_id integer NOT NULL,
    CONSTRAINT django_admin_log_action_flag_check CHECK ((action_flag >= 0))
);


ALTER TABLE public.django_admin_log OWNER TO postgres;

--
-- Name: django_admin_log_id_seq; Type: SEQUENCE; Schema: public; Owner: postgres
--

ALTER TABLE public.django_admin_log ALTER COLUMN id ADD GENERATED BY DEFAULT AS IDENTITY (
    SEQUENCE NAME public.django_admin_log_id_seq
    START WITH 1
    INCREMENT BY 1
    NO MINVALUE
    NO MAXVALUE
    CACHE 1
);


--
-- Name: django_content_type; Type: TABLE; Schema: public; Owner: postgres
--

CREATE TABLE public.django_content_type (
    id integer NOT NULL,
    app_label character varying(100) NOT NULL,
    model character varying(100) NOT NULL
);


ALTER TABLE public.django_content_type OWNER TO postgres;

--
-- Name: django_content_type_id_seq; Type: SEQUENCE; Schema: public; Owner: postgres
--

ALTER TABLE public.django_content_type ALTER COLUMN id ADD GENERATED BY DEFAULT AS IDENTITY (
    SEQUENCE NAME public.django_content_type_id_seq
    START WITH 1
    INCREMENT BY 1
    NO MINVALUE
    NO MAXVALUE
    CACHE 1
);


--
-- Name: django_migrations; Type: TABLE; Schema: public; Owner: postgres
--

CREATE TABLE public.django_migrations (
    id bigint NOT NULL,
    app character varying(255) NOT NULL,
    name character varying(255) NOT NULL,
    applied timestamp with time zone NOT NULL
);


ALTER TABLE public.django_migrations OWNER TO postgres;

--
-- Name: django_migrations_id_seq; Type: SEQUENCE; Schema: public; Owner: postgres
--

ALTER TABLE public.django_migrations ALTER COLUMN id ADD GENERATED BY DEFAULT AS IDENTITY (
    SEQUENCE NAME public.django_migrations_id_seq
    START WITH 1
    INCREMENT BY 1
    NO MINVALUE
    NO MAXVALUE
    CACHE 1
);


--
-- Name: django_session; Type: TABLE; Schema: public; Owner: postgres
--

CREATE TABLE public.django_session (
    session_key character varying(40) NOT NULL,
    session_data text NOT NULL,
    expire_date timestamp with time zone NOT NULL
);


ALTER TABLE public.django_session OWNER TO postgres;

--
-- Name: encarregado; Type: TABLE; Schema: public; Owner: postgres
--

CREATE TABLE public.encarregado (
    criado_em timestamp with time zone NOT NULL,
    atualizado_em timestamp with time zone NOT NULL,
    id_encarregado integer NOT NULL,
    nome_completo character varying(150) NOT NULL,
    email character varying(150),
    telefone jsonb NOT NULL,
    provincia_residencia character varying(100),
    municipio_residencia character varying(100),
    bairro_residencia character varying(100),
    numero_casa character varying(100),
    senha_hash character varying(255) NOT NULL,
    img_path character varying(100),
    is_online boolean NOT NULL,
    numero_bi character varying(20),
    profissao character varying(100)
);


ALTER TABLE public.encarregado OWNER TO postgres;

--
-- Name: encarregado_id_encarregado_seq; Type: SEQUENCE; Schema: public; Owner: postgres
--

ALTER TABLE public.encarregado ALTER COLUMN id_encarregado ADD GENERATED BY DEFAULT AS IDENTITY (
    SEQUENCE NAME public.encarregado_id_encarregado_seq
    START WITH 1
    INCREMENT BY 1
    NO MINVALUE
    NO MAXVALUE
    CACHE 1
);


--
-- Name: exame_admissao; Type: TABLE; Schema: public; Owner: postgres
--

CREATE TABLE public.exame_admissao (
    criado_em timestamp with time zone NOT NULL,
    atualizado_em timestamp with time zone NOT NULL,
    id_exame integer NOT NULL,
    data_exame timestamp with time zone NOT NULL,
    nota numeric(4,2),
    realizado boolean NOT NULL,
    candidato_id integer NOT NULL,
    sala_id integer
);


ALTER TABLE public.exame_admissao OWNER TO postgres;

--
-- Name: exame_admissao_id_exame_seq; Type: SEQUENCE; Schema: public; Owner: postgres
--

ALTER TABLE public.exame_admissao ALTER COLUMN id_exame ADD GENERATED BY DEFAULT AS IDENTITY (
    SEQUENCE NAME public.exame_admissao_id_exame_seq
    START WITH 1
    INCREMENT BY 1
    NO MINVALUE
    NO MAXVALUE
    CACHE 1
);


--
-- Name: falta_aluno; Type: TABLE; Schema: public; Owner: postgres
--

CREATE TABLE public.falta_aluno (
    id_falta integer NOT NULL,
    data_falta date NOT NULL,
    justificada boolean NOT NULL,
    observacao text,
    id_aluno_id integer NOT NULL,
    id_disciplina_id integer,
    id_turma_id integer NOT NULL
);


ALTER TABLE public.falta_aluno OWNER TO postgres;

--
-- Name: falta_aluno_id_falta_seq; Type: SEQUENCE; Schema: public; Owner: postgres
--

ALTER TABLE public.falta_aluno ALTER COLUMN id_falta ADD GENERATED BY DEFAULT AS IDENTITY (
    SEQUENCE NAME public.falta_aluno_id_falta_seq
    START WITH 1
    INCREMENT BY 1
    NO MINVALUE
    NO MAXVALUE
    CACHE 1
);


--
-- Name: fatura; Type: TABLE; Schema: public; Owner: postgres
--

CREATE TABLE public.fatura (
    criado_em timestamp with time zone NOT NULL,
    atualizado_em timestamp with time zone NOT NULL,
    id_fatura integer NOT NULL,
    descricao character varying(255) NOT NULL,
    total numeric(12,2) NOT NULL,
    status character varying(20) NOT NULL,
    data_vencimento date,
    data_pagamento date,
    id_aluno_id integer,
    ano_lectivo_id integer,
    data_emissao_referencia timestamp with time zone,
    referencia_expirada boolean NOT NULL,
    referencia_pagamento character varying(50)
);


ALTER TABLE public.fatura OWNER TO postgres;

--
-- Name: fatura_id_fatura_seq; Type: SEQUENCE; Schema: public; Owner: postgres
--

ALTER TABLE public.fatura ALTER COLUMN id_fatura ADD GENERATED BY DEFAULT AS IDENTITY (
    SEQUENCE NAME public.fatura_id_fatura_seq
    START WITH 1
    INCREMENT BY 1
    NO MINVALUE
    NO MAXVALUE
    CACHE 1
);


--
-- Name: funcionario; Type: TABLE; Schema: public; Owner: postgres
--

CREATE TABLE public.funcionario (
    criado_em timestamp with time zone NOT NULL,
    atualizado_em timestamp with time zone NOT NULL,
    id_funcionario integer NOT NULL,
    numero_bi character varying(20),
    codigo_identificacao character varying(50) NOT NULL,
    nome_completo character varying(150) NOT NULL,
    genero character varying(1),
    email character varying(150),
    telefone character varying(30),
    provincia_residencia character varying(100),
    municipio_residencia character varying(100),
    bairro_residencia character varying(100),
    senha_hash character varying(255) NOT NULL,
    status_funcionario character varying(20) NOT NULL,
    descricao text,
    data_admissao date,
    is_online boolean NOT NULL,
    img_path character varying(100),
    id_cargo_id integer,
    permissoes_adicionais jsonb NOT NULL,
    usuario_id integer
);


ALTER TABLE public.funcionario OWNER TO postgres;

--
-- Name: funcionario_id_funcionario_seq; Type: SEQUENCE; Schema: public; Owner: postgres
--

ALTER TABLE public.funcionario ALTER COLUMN id_funcionario ADD GENERATED BY DEFAULT AS IDENTITY (
    SEQUENCE NAME public.funcionario_id_funcionario_seq
    START WITH 1
    INCREMENT BY 1
    NO MINVALUE
    NO MAXVALUE
    CACHE 1
);


--
-- Name: historico; Type: TABLE; Schema: public; Owner: postgres
--

CREATE TABLE public.historico (
    id_historico integer NOT NULL,
    tipo_accao character varying(255) NOT NULL,
    dados_anteriores jsonb,
    dados_novos jsonb,
    data_hora timestamp with time zone NOT NULL,
    id_aluno_id integer,
    id_funcionario_id integer,
    id_usuario_id integer
);


ALTER TABLE public.historico OWNER TO postgres;

--
-- Name: historico_escolar; Type: TABLE; Schema: public; Owner: postgres
--

CREATE TABLE public.historico_escolar (
    id_historico integer NOT NULL,
    escola_origem character varying(200) NOT NULL,
    ano_lectivo character varying(20) NOT NULL,
    classe character varying(50) NOT NULL,
    turma_origem character varying(50),
    numero_processo_origem character varying(50),
    media_final numeric(4,2),
    observacoes text,
    documento character varying(100),
    criado_em timestamp with time zone NOT NULL,
    aluno_id integer NOT NULL
);


ALTER TABLE public.historico_escolar OWNER TO postgres;

--
-- Name: historico_escolar_id_historico_seq; Type: SEQUENCE; Schema: public; Owner: postgres
--

ALTER TABLE public.historico_escolar ALTER COLUMN id_historico ADD GENERATED BY DEFAULT AS IDENTITY (
    SEQUENCE NAME public.historico_escolar_id_historico_seq
    START WITH 1
    INCREMENT BY 1
    NO MINVALUE
    NO MAXVALUE
    CACHE 1
);


--
-- Name: historico_id_historico_seq; Type: SEQUENCE; Schema: public; Owner: postgres
--

ALTER TABLE public.historico ALTER COLUMN id_historico ADD GENERATED BY DEFAULT AS IDENTITY (
    SEQUENCE NAME public.historico_id_historico_seq
    START WITH 1
    INCREMENT BY 1
    NO MINVALUE
    NO MAXVALUE
    CACHE 1
);


--
-- Name: historico_login; Type: TABLE; Schema: public; Owner: postgres
--

CREATE TABLE public.historico_login (
    id_historico_login integer NOT NULL,
    ip_usuario inet,
    dispositivo character varying(150),
    navegador character varying(150),
    hora_entrada timestamp with time zone NOT NULL,
    hora_saida timestamp with time zone,
    id_aluno_id integer,
    id_encarregado_id integer,
    id_funcionario_id integer,
    id_usuario_id integer
);


ALTER TABLE public.historico_login OWNER TO postgres;

--
-- Name: historico_login_id_historico_login_seq; Type: SEQUENCE; Schema: public; Owner: postgres
--

ALTER TABLE public.historico_login ALTER COLUMN id_historico_login ADD GENERATED BY DEFAULT AS IDENTITY (
    SEQUENCE NAME public.historico_login_id_historico_login_seq
    START WITH 1
    INCREMENT BY 1
    NO MINVALUE
    NO MAXVALUE
    CACHE 1
);


--
-- Name: inscricao; Type: TABLE; Schema: public; Owner: postgres
--

CREATE TABLE public.inscricao (
    id_inscricao integer NOT NULL,
    data_inscricao date NOT NULL,
    nome_candidato character varying(150),
    documento_candidato jsonb,
    resultado_avaliacao character varying(80)
);


ALTER TABLE public.inscricao OWNER TO postgres;

--
-- Name: inscricao_id_inscricao_seq; Type: SEQUENCE; Schema: public; Owner: postgres
--

ALTER TABLE public.inscricao ALTER COLUMN id_inscricao ADD GENERATED BY DEFAULT AS IDENTITY (
    SEQUENCE NAME public.inscricao_id_inscricao_seq
    START WITH 1
    INCREMENT BY 1
    NO MINVALUE
    NO MAXVALUE
    CACHE 1
);


--
-- Name: lista_espera; Type: TABLE; Schema: public; Owner: postgres
--

CREATE TABLE public.lista_espera (
    id bigint NOT NULL,
    criado_em timestamp with time zone NOT NULL,
    atualizado_em timestamp with time zone NOT NULL,
    data_entrada timestamp with time zone NOT NULL,
    prioridade integer NOT NULL,
    observacao text,
    status character varying(20) NOT NULL,
    candidato_id integer NOT NULL
);


ALTER TABLE public.lista_espera OWNER TO postgres;

--
-- Name: lista_espera_id_seq; Type: SEQUENCE; Schema: public; Owner: postgres
--

ALTER TABLE public.lista_espera ALTER COLUMN id ADD GENERATED BY DEFAULT AS IDENTITY (
    SEQUENCE NAME public.lista_espera_id_seq
    START WITH 1
    INCREMENT BY 1
    NO MINVALUE
    NO MAXVALUE
    CACHE 1
);


--
-- Name: matricula; Type: TABLE; Schema: public; Owner: postgres
--

CREATE TABLE public.matricula (
    id_matricula integer NOT NULL,
    data_matricula date NOT NULL,
    ativo boolean NOT NULL,
    id_aluno_id integer NOT NULL,
    id_turma_id integer,
    ano_lectivo_id integer,
    status character varying(20) NOT NULL,
    tipo character varying(20) NOT NULL,
    doc_bi character varying(100),
    doc_certificado character varying(100),
    numero_inscricao integer
);


ALTER TABLE public.matricula OWNER TO postgres;

--
-- Name: matricula_id_matricula_seq; Type: SEQUENCE; Schema: public; Owner: postgres
--

ALTER TABLE public.matricula ALTER COLUMN id_matricula ADD GENERATED BY DEFAULT AS IDENTITY (
    SEQUENCE NAME public.matricula_id_matricula_seq
    START WITH 1
    INCREMENT BY 1
    NO MINVALUE
    NO MAXVALUE
    CACHE 1
);


--
-- Name: nota; Type: TABLE; Schema: public; Owner: postgres
--

CREATE TABLE public.nota (
    id_nota integer NOT NULL,
    tipo_avaliacao character varying(30) NOT NULL,
    valor numeric(5,2) NOT NULL,
    data_lancamento timestamp with time zone NOT NULL,
    id_aluno_id integer NOT NULL,
    id_disciplina_id integer NOT NULL,
    id_professor_id integer,
    id_turma_id integer NOT NULL
);


ALTER TABLE public.nota OWNER TO postgres;

--
-- Name: nota_id_nota_seq; Type: SEQUENCE; Schema: public; Owner: postgres
--

ALTER TABLE public.nota ALTER COLUMN id_nota ADD GENERATED BY DEFAULT AS IDENTITY (
    SEQUENCE NAME public.nota_id_nota_seq
    START WITH 1
    INCREMENT BY 1
    NO MINVALUE
    NO MAXVALUE
    CACHE 1
);


--
-- Name: notificacao; Type: TABLE; Schema: public; Owner: postgres
--

CREATE TABLE public.notificacao (
    id_notificacao integer NOT NULL,
    titulo character varying(255) NOT NULL,
    mensagem text NOT NULL,
    lida boolean NOT NULL,
    data_criacao timestamp with time zone NOT NULL,
    tipo character varying(20) NOT NULL,
    link character varying(255)
);


ALTER TABLE public.notificacao OWNER TO postgres;

--
-- Name: notificacao_id_notificacao_seq; Type: SEQUENCE; Schema: public; Owner: postgres
--

ALTER TABLE public.notificacao ALTER COLUMN id_notificacao ADD GENERATED BY DEFAULT AS IDENTITY (
    SEQUENCE NAME public.notificacao_id_notificacao_seq
    START WITH 1
    INCREMENT BY 1
    NO MINVALUE
    NO MAXVALUE
    CACHE 1
);


--
-- Name: pagamento; Type: TABLE; Schema: public; Owner: postgres
--

CREATE TABLE public.pagamento (
    criado_em timestamp with time zone NOT NULL,
    atualizado_em timestamp with time zone NOT NULL,
    id_pagamento integer NOT NULL,
    valor_pago numeric(12,2) NOT NULL,
    metodo_pagamento character varying(80),
    comprovante_path text,
    id_fatura_id integer NOT NULL,
    id_recebedor_id integer
);


ALTER TABLE public.pagamento OWNER TO postgres;

--
-- Name: pagamento_id_pagamento_seq; Type: SEQUENCE; Schema: public; Owner: postgres
--

ALTER TABLE public.pagamento ALTER COLUMN id_pagamento ADD GENERATED BY DEFAULT AS IDENTITY (
    SEQUENCE NAME public.pagamento_id_pagamento_seq
    START WITH 1
    INCREMENT BY 1
    NO MINVALUE
    NO MAXVALUE
    CACHE 1
);


--
-- Name: periodo; Type: TABLE; Schema: public; Owner: postgres
--

CREATE TABLE public.periodo (
    id_periodo integer NOT NULL,
    periodo character varying(10) NOT NULL,
    id_responsavel_id integer
);


ALTER TABLE public.periodo OWNER TO postgres;

--
-- Name: periodo_id_periodo_seq; Type: SEQUENCE; Schema: public; Owner: postgres
--

ALTER TABLE public.periodo ALTER COLUMN id_periodo ADD GENERATED BY DEFAULT AS IDENTITY (
    SEQUENCE NAME public.periodo_id_periodo_seq
    START WITH 1
    INCREMENT BY 1
    NO MINVALUE
    NO MAXVALUE
    CACHE 1
);


--
-- Name: professor_disciplina; Type: TABLE; Schema: public; Owner: postgres
--

CREATE TABLE public.professor_disciplina (
    id_professor_disciplina integer NOT NULL,
    id_disciplina_id integer NOT NULL,
    id_funcionario_id integer NOT NULL,
    id_turma_id integer NOT NULL
);


ALTER TABLE public.professor_disciplina OWNER TO postgres;

--
-- Name: professor_disciplina_id_professor_disciplina_seq; Type: SEQUENCE; Schema: public; Owner: postgres
--

ALTER TABLE public.professor_disciplina ALTER COLUMN id_professor_disciplina ADD GENERATED BY DEFAULT AS IDENTITY (
    SEQUENCE NAME public.professor_disciplina_id_professor_disciplina_seq
    START WITH 1
    INCREMENT BY 1
    NO MINVALUE
    NO MAXVALUE
    CACHE 1
);


--
-- Name: rup_candidato; Type: TABLE; Schema: public; Owner: postgres
--

CREATE TABLE public.rup_candidato (
    criado_em timestamp with time zone CONSTRAINT rupe_candidato_criado_em_not_null NOT NULL,
    atualizado_em timestamp with time zone CONSTRAINT rupe_candidato_atualizado_em_not_null NOT NULL,
    id integer CONSTRAINT rupe_candidato_id_rupe_not_null NOT NULL,
    valor numeric(12,2) CONSTRAINT rupe_candidato_valor_not_null NOT NULL,
    data_pagamento timestamp with time zone,
    codigo_rup character varying(50) CONSTRAINT rupe_candidato_codigo_rup_not_null NOT NULL,
    data_expiracao timestamp with time zone,
    data_geracao timestamp with time zone,
    inscricao_id integer CONSTRAINT rupe_candidato_inscricao_id_not_null NOT NULL,
    referencia_banco character varying(50),
    resposta_api jsonb,
    status_rup character varying(20) CONSTRAINT rupe_candidato_status_rup_not_null NOT NULL
);


ALTER TABLE public.rup_candidato OWNER TO postgres;

--
-- Name: rupe_candidato_id_rupe_seq; Type: SEQUENCE; Schema: public; Owner: postgres
--

ALTER TABLE public.rup_candidato ALTER COLUMN id ADD GENERATED BY DEFAULT AS IDENTITY (
    SEQUENCE NAME public.rupe_candidato_id_rupe_seq
    START WITH 1
    INCREMENT BY 1
    NO MINVALUE
    NO MAXVALUE
    CACHE 1
);


--
-- Name: sala; Type: TABLE; Schema: public; Owner: postgres
--

CREATE TABLE public.sala (
    criado_em timestamp with time zone NOT NULL,
    atualizado_em timestamp with time zone NOT NULL,
    id_sala integer NOT NULL,
    numero_sala smallint NOT NULL,
    capacidade_alunos integer NOT NULL,
    bloco character varying(50)
);


ALTER TABLE public.sala OWNER TO postgres;

--
-- Name: sala_id_sala_seq; Type: SEQUENCE; Schema: public; Owner: postgres
--

ALTER TABLE public.sala ALTER COLUMN id_sala ADD GENERATED BY DEFAULT AS IDENTITY (
    SEQUENCE NAME public.sala_id_sala_seq
    START WITH 1
    INCREMENT BY 1
    NO MINVALUE
    NO MAXVALUE
    CACHE 1
);


--
-- Name: seccao; Type: TABLE; Schema: public; Owner: postgres
--

CREATE TABLE public.seccao (
    id_seccao integer NOT NULL,
    nome_seccao character varying(150) NOT NULL,
    id_departamento_id integer
);


ALTER TABLE public.seccao OWNER TO postgres;

--
-- Name: seccao_id_seccao_seq; Type: SEQUENCE; Schema: public; Owner: postgres
--

ALTER TABLE public.seccao ALTER COLUMN id_seccao ADD GENERATED BY DEFAULT AS IDENTITY (
    SEQUENCE NAME public.seccao_id_seccao_seq
    START WITH 1
    INCREMENT BY 1
    NO MINVALUE
    NO MAXVALUE
    CACHE 1
);


--
-- Name: tipo_disciplina; Type: TABLE; Schema: public; Owner: postgres
--

CREATE TABLE public.tipo_disciplina (
    id_tipo_disciplina integer NOT NULL,
    nome_tipo character varying(80) NOT NULL,
    sigla character varying(20)
);


ALTER TABLE public.tipo_disciplina OWNER TO postgres;

--
-- Name: tipo_disciplina_id_tipo_disciplina_seq; Type: SEQUENCE; Schema: public; Owner: postgres
--

ALTER TABLE public.tipo_disciplina ALTER COLUMN id_tipo_disciplina ADD GENERATED BY DEFAULT AS IDENTITY (
    SEQUENCE NAME public.tipo_disciplina_id_tipo_disciplina_seq
    START WITH 1
    INCREMENT BY 1
    NO MINVALUE
    NO MAXVALUE
    CACHE 1
);


--
-- Name: turma; Type: TABLE; Schema: public; Owner: postgres
--

CREATE TABLE public.turma (
    criado_em timestamp with time zone NOT NULL,
    atualizado_em timestamp with time zone NOT NULL,
    id_turma integer NOT NULL,
    codigo_turma character varying(50) NOT NULL,
    ano character varying,
    id_classe_id integer,
    id_curso_id integer,
    id_periodo_id integer,
    id_responsavel_id integer,
    id_sala_id integer,
    status character varying(20) NOT NULL,
    ano_lectivo_id integer,
    capacidade integer NOT NULL
);


ALTER TABLE public.turma OWNER TO postgres;

--
-- Name: turma_id_turma_seq; Type: SEQUENCE; Schema: public; Owner: postgres
--

ALTER TABLE public.turma ALTER COLUMN id_turma ADD GENERATED BY DEFAULT AS IDENTITY (
    SEQUENCE NAME public.turma_id_turma_seq
    START WITH 1
    INCREMENT BY 1
    NO MINVALUE
    NO MAXVALUE
    CACHE 1
);


--
-- Name: usuario; Type: TABLE; Schema: public; Owner: postgres
--

CREATE TABLE public.usuario (
    criado_em timestamp with time zone NOT NULL,
    atualizado_em timestamp with time zone NOT NULL,
    id_usuario integer NOT NULL,
    nome_completo character varying(150) NOT NULL,
    email character varying(150) NOT NULL,
    senha_hash character varying(255) NOT NULL,
    is_active boolean NOT NULL,
    is_superuser boolean NOT NULL,
    permissoes jsonb NOT NULL,
    papel character varying(50) NOT NULL,
    is_funcionario boolean NOT NULL,
    cargo_id integer,
    user_id integer,
    img_path character varying(100),
    is_online boolean NOT NULL
);


ALTER TABLE public.usuario OWNER TO postgres;

--
-- Name: usuario_id_usuario_seq; Type: SEQUENCE; Schema: public; Owner: postgres
--

ALTER TABLE public.usuario ALTER COLUMN id_usuario ADD GENERATED BY DEFAULT AS IDENTITY (
    SEQUENCE NAME public.usuario_id_usuario_seq
    START WITH 1
    INCREMENT BY 1
    NO MINVALUE
    NO MAXVALUE
    CACHE 1
);


--
-- Name: vaga_curso; Type: TABLE; Schema: public; Owner: postgres
--

CREATE TABLE public.vaga_curso (
    id bigint NOT NULL,
    criado_em timestamp with time zone NOT NULL,
    atualizado_em timestamp with time zone NOT NULL,
    vagas integer NOT NULL,
    ano_lectivo_id integer NOT NULL,
    id_curso_id integer NOT NULL
);


ALTER TABLE public.vaga_curso OWNER TO postgres;

--
-- Name: vaga_curso_id_seq; Type: SEQUENCE; Schema: public; Owner: postgres
--

ALTER TABLE public.vaga_curso ALTER COLUMN id ADD GENERATED BY DEFAULT AS IDENTITY (
    SEQUENCE NAME public.vaga_curso_id_seq
    START WITH 1
    INCREMENT BY 1
    NO MINVALUE
    NO MAXVALUE
    CACHE 1
);


--
-- Data for Name: aluno; Type: TABLE DATA; Schema: public; Owner: postgres
--

COPY public.aluno (criado_em, atualizado_em, id_aluno, numero_bi, nome_completo, email, numero_matricula, telefone, provincia_residencia, municipio_residencia, bairro_residencia, numero_casa, senha_hash, genero, status_aluno, modo_user, img_path, is_online, id_turma_id, data_nascimento, deficiencia, nacionalidade, naturalidade) FROM stdin;
2026-02-19 13:55:27.141581+01	2026-02-25 00:35:59.488491+01	156	000000000000000LA	Henriques Silva	henriques@gmail.com	20260008	928273617	Luanda	Sequele	Vidrul	459	pbkdf2_sha256$1000000$wQ5GTvvMWiPqEVMJtmrA1f$Yn+PjlXhSE1c6J1g3J3RKwNWFLWV/tFs5kop0DLuqTQ=	M	Activo	Inativo	image/alunos/ChatGPT_Image_26_10_2025_16_06_50.png	f	36	2007-07-07	Não	Angolana	Huambo
2026-02-20 12:17:20.253907+01	2026-02-26 22:43:29.078759+01	158	09080898908LA090	Aguinaldo  Arnaldo	aguinaldo@gmail.com	20260009	943345632	Luanda	cacuaco	Vidrul	454	pbkdf2_sha256$1000000$IVbceFlMwr5T88H7p187cd$XK7T4EXL674LCCBYz++tSbFPCflQ8iTL/MUo1ZicSiM=	M	Activo	Inativo	image/alunos/ObjectDiagram34_mGwSVtJ.jpg	f	33	2005-07-14	Não	Angolana	Bungo
2026-02-14 10:56:33.906746+01	2026-02-14 10:56:36.652228+01	142	STRESS78802601	Aluno Stress 15	\N	\N		\N	\N	\N	\N	\N	M	Concluido	Inativo		f	26	\N	Não	Angolana	\N
2026-02-14 10:56:33.902439+01	2026-02-14 10:56:36.614731+01	141	STRESS14974333	Aluno Stress 14	\N	\N		\N	\N	\N	\N	\N	M	Concluido	Inativo		f	26	\N	Não	Angolana	\N
2026-02-14 10:56:33.890234+01	2026-02-14 10:56:36.677145+01	138	STRESS39600151	Aluno Stress 11	\N	\N		\N	\N	\N	\N	\N	M	Concluido	Inativo		f	26	\N	Não	Angolana	\N
2026-02-02 21:20:22.514845+01	2026-02-22 21:09:08.013864+01	123	007865134UE040	Aguinaldo Victoriano José Arnaldo	aguinaldoarnaldo5@gmail.com	20260001	946464376	Icolo-Bengo	Sequele	Bairro Vidrul,cacuaco	\N	pbkdf2_sha256$1000000$uZoU7zzl0yV7JHSSDgGp1w$pXW5P3OEJJtQfjJMojfu4AYADeqEJm3zMkLmsdvEGsY=	M	Concluido	Inativo		f	26	2005-07-07	Não	Angolana	Bungo
2026-02-14 10:56:33.831464+01	2026-02-14 10:56:36.15154+01	131	STRESS86563923	Aluno Stress 4	\N	\N		\N	\N	\N	\N	\N	M	Concluido	Inativo		f	26	\N	Não	Angolana	\N
2026-02-14 12:47:45.224981+01	2026-02-14 12:47:45.477377+01	147	0909778677LO890	Telma João 	temajoao@gmail.com	20260004	967176611	Luanda	Luanda	Bairro Vidrul,cacuaco	445	pbkdf2_sha256$1000000$f0Evg3nlJvpmcfj64kDYgm$ZwL3DOlFQk517jdJ1PNq59gkwZtu9UlVqVCGCtL1JsQ=	F	Concluido	Inativo	image/alunos/1000055405_dzKmTtK.jpg	f	26	2010-07-01	Não	Angolana	Luanda
2026-02-14 10:56:33.845423+01	2026-02-14 10:56:36.494308+01	135	STRESS40756193	Aluno Stress 8	\N	\N		\N	\N	\N	\N	\N	M	Concluido	Inativo		f	26	\N	Não	Angolana	\N
2026-02-14 10:56:33.8404+01	2026-02-14 10:56:36.490728+01	133	STRESS17124835	Aluno Stress 6	\N	\N		\N	\N	\N	\N	\N	M	Concluido	Inativo		f	26	\N	Não	Angolana	\N
2026-02-14 10:56:33.837531+01	2026-02-14 10:56:36.357401+01	132	STRESS94790907	Aluno Stress 5	\N	\N		\N	\N	\N	\N	\N	M	Concluido	Inativo		f	26	\N	Não	Angolana	\N
2026-02-16 11:06:22.002816+01	2026-02-16 11:06:22.183004+01	155	09876543UI090	Aguinaldo Programador	aguinaldoarnaldo4@gmail.com	20260007	980765432	Icolo-Bengo	Sequele	Kifangondo		pbkdf2_sha256$1000000$mOk6M9rxJBdtaROBYnaR1T$+uuED8P3xv2FcnEUaLozEmuAFyAN2nrOlQUAGf+Y71g=	F	Concluido	Inativo	image/alunos/IMG_E7553.JPG	f	29	2000-06-07	Não	Angolana	Bungo
2026-02-23 02:05:50.359792+01	2026-02-25 00:05:08.321689+01	159	0908765689LA9897	Andelaide Aguinaldo	adelaide09@gmail.com	20260010	90879564	Caxito	palanca	vila	453	pbkdf2_sha256$1000000$p3asm60x7ExyWnnYSOmWdl$EcblNdSpFmXyp7bMLVubnDYcM45IIHtwoMKnDRdUtyQ=	F	Activo	Inativo	image/alunos/WhatsApp_Image_2025-10-27_at_12.30.34.jpeg	f	33	2005-11-11	Não	Angolana	Luanda
2026-02-14 10:56:33.881308+01	2026-02-14 10:56:36.491732+01	136	STRESS75655591	Aluno Stress 9	\N	\N		\N	\N	\N	\N	\N	M	Concluido	Inativo		f	26	\N	Não	Angolana	\N
2026-02-14 10:56:33.38987+01	2026-02-14 10:56:35.674547+01	127	STRESS10749226	Aluno Stress 0	\N	\N		\N	\N	\N	\N	\N	M	Concluido	Inativo		f	26	\N	Não	Angolana	\N
2026-02-02 22:52:34.566932+01	2026-02-14 10:56:35.62671+01	124	502264948LA036	Manuela Lisboa	manuelalisboa207@gmail.com	20260002	923062813	icolo-Bengo	sequele	Sepa	\N	pbkdf2_sha256$1000000$EJvG1x5gT6F3rWKQS8NjuF$tGJBAdbjgMnONvJ98HuwXVMTPlilYuEGxTucE2BDT+c=	F	Concluido	Inativo		f	26	2007-12-12	Não	Angolana	Cacuaco
2026-02-14 19:50:46.499534+01	2026-02-14 19:50:48.799459+01	150	0098768LA0983092	Adelaide Ruth Jose Arnaldo	adelaidearnaldo06@gmail.com	20260005	947419048	Icolo-Bengo	sequele	Bloco 1	908	pbkdf2_sha256$1000000$Tonh0kW0Ju5LBU4GN0iig8$GSAgMZGIIEZeRvHJB9wI/H/Frkqgz3Zo5bhWXnwnZII=	F	Concluido	Inativo	image/alunos/ChatGPT_Image_26_10_2025_16_02_06_5Zph7c5_UY94iyx.png	f	26	2003-06-06	Não	Angolana	Bungo
2026-02-14 10:56:33.898065+01	2026-02-14 10:56:36.686744+01	140	STRESS86586865	Aluno Stress 13	\N	\N		\N	\N	\N	\N	\N	M	Concluido	Inativo		f	26	\N	Não	Angolana	\N
2026-02-14 10:56:33.893149+01	2026-02-14 10:56:36.611714+01	139	STRESS86391380	Aluno Stress 12	\N	\N		\N	\N	\N	\N	\N	M	Concluido	Inativo		f	26	\N	Não	Angolana	\N
2026-02-14 10:56:33.843414+01	2026-02-14 10:56:36.49934+01	134	STRESS57552773	Aluno Stress 7	\N	\N		\N	\N	\N	\N	\N	M	Concluido	Inativo		f	26	\N	Não	Angolana	\N
2026-02-14 10:56:33.826365+01	2026-02-14 10:56:36.146541+01	129	STRESS84554824	Aluno Stress 2	\N	\N		\N	\N	\N	\N	\N	M	Concluido	Inativo		f	26	\N	Não	Angolana	\N
2026-02-14 10:56:33.82737+01	2026-02-14 10:56:36.13439+01	130	STRESS58712629	Aluno Stress 3	\N	\N		\N	\N	\N	\N	\N	M	Concluido	Inativo		f	26	\N	Não	Angolana	\N
2026-02-14 10:56:33.82386+01	2026-02-14 10:56:35.740066+01	128	STRESS14295472	Aluno Stress 1	\N	\N		\N	\N	\N	\N	\N	M	Concluido	Inativo		f	26	\N	Não	Angolana	\N
2026-02-14 10:56:33.909744+01	2026-02-14 10:56:36.707855+01	143	STRESS82116955	Aluno Stress 16	\N	\N		\N	\N	\N	\N	\N	M	Concluido	Inativo		f	26	\N	Não	Angolana	\N
2026-02-14 10:56:33.887222+01	2026-02-14 10:56:36.496319+01	137	STRESS76837724	Aluno Stress 10	\N	\N		\N	\N	\N	\N	\N	M	Concluido	Inativo		f	26	\N	Não	Angolana	\N
2026-02-07 14:38:41.244953+01	2026-02-14 10:56:35.623591+01	126	098978889LA674	Ines Jobino	inesjobino@gmail.com	20260003	967543733	Icolo-Bengo	sequele	Vila de cacuco	\N	pbkdf2_sha256$1000000$GQLiycnzbTeQ5937MxqSQO$eWdr0+nfkffVSAFDhst10odI88ouO6dDEN3XJnCLORM=	F	Concluido	Inativo	image/alunos/IMG_8233.JPG	f	26	2004-07-01	Sim	Angolana	Luanda
2026-02-14 19:58:02.237218+01	2026-02-14 19:58:02.255445+01	151	00000000LO099	Andreia Jose	andreijose@gmail.com	20260006	987654568	Icolo-Bengo	Benguela	Bloco 1	890	pbkdf2_sha256$1000000$qjt2tvwUKC7L81aC2gkp7Q$+D8pOznWdWo3ySstLva21JMi93lGxrmqlVGVAh24MAc=	F	Concluido	Inativo		f	25	2009-07-16	Não	Angolana	Luanda
\.


--
-- Data for Name: aluno_encarregado; Type: TABLE DATA; Schema: public; Owner: postgres
--

COPY public.aluno_encarregado (id_aluno_encarregado, grau_parentesco, id_aluno_id, id_encarregado_id) FROM stdin;
10	Irmão(ã)	123	12
11	Outro	124	13
13	Outro	126	15
14	Pai	147	19
18	Irmão(ã)	150	22
19	Pai	151	23
26	Mãe	155	22
30	Irmão(ã)	159	27
31	irmão	158	28
27	Mãe	156	24
28	irmão	158	26
\.


--
-- Data for Name: ano_lectivo; Type: TABLE DATA; Schema: public; Owner: postgres
--

COPY public.ano_lectivo (criado_em, atualizado_em, id_ano, nome, data_inicio, data_fim, activo, status, data_exame_admissao, data_teste_diagnostico, fim_inscricoes, fim_matriculas, inicio_inscricoes, inicio_matriculas, fecho_automatico_inscricoes, hora_fechamento) FROM stdin;
2026-02-20 12:05:16.1308+01	2026-02-21 11:22:47.341297+01	12	2032/2033	2026-02-20	2026-02-20	f	Encerrado	\N	\N	\N	\N	\N	\N	f	23:59:00
2026-02-19 13:28:29.377509+01	2026-02-21 11:25:25.764875+01	5	2029/2030	2029-01-19	2030-01-19	f	Encerrado	\N	\N	\N	\N	\N	\N	f	23:59:00
2026-02-14 21:22:11.204512+01	2026-02-21 11:26:07.361911+01	4	2027/2028	2027-09-16	2028-08-16	f	Encerrado	\N	\N	\N	\N	\N	\N	f	23:59:00
2026-02-20 12:04:52.614668+01	2026-02-21 22:16:01.701955+01	11	2030/20231	2026-02-20	2026-02-20	f	Encerrado	\N	\N	\N	\N	\N	\N	f	23:59:00
2026-01-23 01:46:54.00652+01	2026-02-23 01:37:04.536485+01	1	2026/2027	2025-01-15	2026-12-10	f	Encerrado	\N	\N	2026-12-31	\N	2026-01-01	\N	f	23:59:00
2026-02-21 22:21:09.288686+01	2026-02-23 02:08:44.164404+01	13	2033/2034	2033-06-21	2034-03-21	t	Activo	2033-07-18	2033-07-25	2026-12-31	2033-08-18	2026-01-01	2033-07-29	f	23:59:00
\.


--
-- Data for Name: area_formacao; Type: TABLE DATA; Schema: public; Owner: postgres
--

COPY public.area_formacao (criado_em, atualizado_em, id_area_formacao, nome_area, id_responsavel_id) FROM stdin;
2026-01-11 15:30:24.54257+01	2026-01-11 15:30:24.54257+01	1	Informatica	1
2026-01-17 13:19:45.158777+01	2026-01-17 13:19:45.160507+01	2	Geral	\N
2026-01-17 13:27:43.639174+01	2026-01-17 13:27:43.639174+01	3	TesteArea	\N
2026-01-17 23:07:38.950003+01	2026-01-17 23:07:38.950003+01	4	Ciências Tecnológicas	\N
\.


--
-- Data for Name: auth_group; Type: TABLE DATA; Schema: public; Owner: postgres
--

COPY public.auth_group (id, name) FROM stdin;
1	Administrador
2	Secretaria
3	Professor
4	Financeiro
5	Coordenador
\.


--
-- Data for Name: auth_group_permissions; Type: TABLE DATA; Schema: public; Owner: postgres
--

COPY public.auth_group_permissions (id, group_id, permission_id) FROM stdin;
1	1	1
2	1	2
3	1	3
4	1	4
5	1	5
6	1	6
7	1	7
8	1	8
9	1	9
10	1	10
11	1	11
12	1	12
13	1	13
14	1	14
15	1	15
16	1	16
17	1	17
18	1	18
19	1	19
20	1	20
21	1	21
22	1	22
23	1	23
24	1	24
25	1	25
26	1	26
27	1	27
28	1	28
29	1	29
30	1	30
31	1	31
32	1	32
33	1	33
34	1	34
35	1	35
36	1	36
37	1	37
38	1	38
39	1	39
40	1	40
41	1	41
42	1	42
43	1	43
44	1	44
45	1	45
46	1	46
47	1	47
48	1	48
49	1	49
50	1	50
51	1	51
52	1	52
53	1	53
54	1	54
55	1	55
56	1	56
57	1	57
58	1	58
59	1	59
60	1	60
61	1	61
62	1	62
63	1	63
64	1	64
65	1	65
66	1	66
67	1	67
68	1	68
69	1	69
70	1	70
71	1	71
72	1	72
73	1	73
74	1	74
75	1	75
76	1	76
77	1	77
78	1	78
79	1	79
80	1	80
81	1	81
82	1	82
83	1	83
84	1	84
85	1	85
86	1	86
87	1	87
88	1	88
89	1	89
90	1	90
91	1	91
92	1	92
93	1	93
94	1	94
95	1	95
96	1	96
97	1	97
98	1	98
99	1	99
100	1	100
101	1	101
102	1	102
103	1	103
104	1	104
105	1	105
106	1	106
107	1	107
108	1	108
109	1	109
110	1	110
111	1	111
112	1	112
113	1	113
114	1	114
115	1	115
116	1	116
117	1	117
118	1	118
119	1	119
120	1	120
121	1	121
122	1	122
123	1	123
124	1	124
125	1	125
126	1	126
127	1	127
128	1	128
129	1	129
130	1	130
131	1	131
132	1	132
133	1	133
134	1	134
135	1	135
136	1	136
137	1	137
138	1	138
139	1	139
140	1	140
141	1	141
142	1	142
143	1	143
144	1	144
145	1	145
146	1	146
147	1	147
148	1	148
149	1	149
150	1	150
151	1	151
152	1	152
153	1	153
154	1	154
155	1	155
156	1	156
157	1	157
158	1	158
159	1	159
160	1	160
161	2	25
162	2	26
163	2	28
164	2	129
165	2	130
166	2	132
167	2	149
168	2	150
169	2	152
170	2	151
171	2	61
172	2	62
173	2	64
174	2	101
175	2	104
176	2	120
177	2	84
178	2	44
179	2	52
180	2	69
181	2	70
182	2	72
183	2	116
184	2	114
185	3	125
186	3	126
187	3	128
188	3	120
189	3	28
190	3	76
191	3	133
192	3	134
193	3	136
194	4	61
195	4	62
196	4	64
197	4	63
198	4	101
199	4	102
200	4	104
201	4	28
202	4	60
203	5	117
204	5	118
205	5	120
206	5	28
207	5	128
208	5	126
209	5	76
\.


--
-- Data for Name: auth_permission; Type: TABLE DATA; Schema: public; Owner: postgres
--

COPY public.auth_permission (id, name, content_type_id, codename) FROM stdin;
1	Can add log entry	1	add_logentry
2	Can change log entry	1	change_logentry
3	Can delete log entry	1	delete_logentry
4	Can view log entry	1	view_logentry
5	Can add permission	2	add_permission
6	Can change permission	2	change_permission
7	Can delete permission	2	delete_permission
8	Can view permission	2	view_permission
9	Can add group	3	add_group
10	Can change group	3	change_group
11	Can delete group	3	delete_group
12	Can view group	3	view_group
13	Can add user	4	add_user
14	Can change user	4	change_user
15	Can delete user	4	delete_user
16	Can view user	4	view_user
17	Can add content type	5	add_contenttype
18	Can change content type	5	change_contenttype
19	Can delete content type	5	delete_contenttype
20	Can view content type	5	view_contenttype
21	Can add session	6	add_session
22	Can change session	6	change_session
23	Can delete session	6	delete_session
24	Can view session	6	view_session
25	Can add Aluno	7	add_aluno
26	Can change Aluno	7	change_aluno
27	Can delete Aluno	7	delete_aluno
28	Can view Aluno	7	view_aluno
29	Can add Área de Formação	8	add_areaformacao
30	Can change Área de Formação	8	change_areaformacao
31	Can delete Área de Formação	8	delete_areaformacao
32	Can view Área de Formação	8	view_areaformacao
33	Can add Cargo	9	add_cargo
34	Can change Cargo	9	change_cargo
35	Can delete Cargo	9	delete_cargo
36	Can view Cargo	9	view_cargo
37	Can add Categoria	10	add_categoria
38	Can change Categoria	10	change_categoria
39	Can delete Categoria	10	delete_categoria
40	Can view Categoria	10	view_categoria
41	Can add Classe	11	add_classe
42	Can change Classe	11	change_classe
43	Can delete Classe	11	delete_classe
44	Can view Classe	11	view_classe
45	Can add Inscrição	12	add_inscricao
46	Can change Inscrição	12	change_inscricao
47	Can delete Inscrição	12	delete_inscricao
48	Can view Inscrição	12	view_inscricao
49	Can add Sala	13	add_sala
50	Can change Sala	13	change_sala
51	Can delete Sala	13	delete_sala
52	Can view Sala	13	view_sala
53	Can add Tipo de Disciplina	14	add_tipodisciplina
54	Can change Tipo de Disciplina	14	change_tipodisciplina
55	Can delete Tipo de Disciplina	14	delete_tipodisciplina
56	Can view Tipo de Disciplina	14	view_tipodisciplina
57	Can add Encarregado	15	add_encarregado
58	Can change Encarregado	15	change_encarregado
59	Can delete Encarregado	15	delete_encarregado
60	Can view Encarregado	15	view_encarregado
61	Can add Fatura	16	add_fatura
62	Can change Fatura	16	change_fatura
63	Can delete Fatura	16	delete_fatura
64	Can view Fatura	16	view_fatura
65	Can add Funcionário	17	add_funcionario
66	Can change Funcionário	17	change_funcionario
67	Can delete Funcionário	17	delete_funcionario
68	Can view Funcionário	17	view_funcionario
69	Can add Documento	18	add_documento
70	Can change Documento	18	change_documento
71	Can delete Documento	18	delete_documento
72	Can view Documento	18	view_documento
73	Can add Disciplina	19	add_disciplina
74	Can change Disciplina	19	change_disciplina
75	Can delete Disciplina	19	delete_disciplina
76	Can view Disciplina	19	view_disciplina
77	Can add Departamento	20	add_departamento
78	Can change Departamento	20	change_departamento
79	Can delete Departamento	20	delete_departamento
80	Can view Departamento	20	view_departamento
81	Can add Curso	21	add_curso
82	Can change Curso	21	change_curso
83	Can delete Curso	21	delete_curso
84	Can view Curso	21	view_curso
85	Can add Cargo-Funcionário	22	add_cargofuncionario
86	Can change Cargo-Funcionário	22	change_cargofuncionario
87	Can delete Cargo-Funcionário	22	delete_cargofuncionario
88	Can view Cargo-Funcionário	22	view_cargofuncionario
89	Can add Histórico	23	add_historico
90	Can change Histórico	23	change_historico
91	Can delete Histórico	23	delete_historico
92	Can view Histórico	23	view_historico
93	Can add Histórico de Login	24	add_historicologin
94	Can change Histórico de Login	24	change_historicologin
95	Can delete Histórico de Login	24	delete_historicologin
96	Can view Histórico de Login	24	view_historicologin
97	Can add Livro	25	add_livro
98	Can change Livro	25	change_livro
99	Can delete Livro	25	delete_livro
100	Can view Livro	25	view_livro
101	Can add Pagamento	26	add_pagamento
102	Can change Pagamento	26	change_pagamento
103	Can delete Pagamento	26	delete_pagamento
104	Can view Pagamento	26	view_pagamento
105	Can add Período	27	add_periodo
106	Can change Período	27	change_periodo
107	Can delete Período	27	delete_periodo
108	Can view Período	27	view_periodo
109	Can add Seção	28	add_seccao
110	Can change Seção	28	change_seccao
111	Can delete Seção	28	delete_seccao
112	Can view Seção	28	view_seccao
113	Can add Solicitação de Documento	29	add_solicitacaodocumento
114	Can change Solicitação de Documento	29	change_solicitacaodocumento
115	Can delete Solicitação de Documento	29	delete_solicitacaodocumento
116	Can view Solicitação de Documento	29	view_solicitacaodocumento
117	Can add Turma	30	add_turma
118	Can change Turma	30	change_turma
119	Can delete Turma	30	delete_turma
120	Can view Turma	30	view_turma
121	Can add Professor-Disciplina	31	add_professordisciplina
122	Can change Professor-Disciplina	31	change_professordisciplina
123	Can delete Professor-Disciplina	31	delete_professordisciplina
124	Can view Professor-Disciplina	31	view_professordisciplina
125	Can add Nota	32	add_nota
126	Can change Nota	32	change_nota
127	Can delete Nota	32	delete_nota
128	Can view Nota	32	view_nota
129	Can add Matrícula	33	add_matricula
130	Can change Matrícula	33	change_matricula
131	Can delete Matrícula	33	delete_matricula
132	Can view Matrícula	33	view_matricula
133	Can add Falta	34	add_faltaaluno
134	Can change Falta	34	change_faltaaluno
135	Can delete Falta	34	delete_faltaaluno
136	Can view Falta	34	view_faltaaluno
137	Can add Disciplina-Curso	35	add_disciplinacurso
138	Can change Disciplina-Curso	35	change_disciplinacurso
139	Can delete Disciplina-Curso	35	delete_disciplinacurso
140	Can view Disciplina-Curso	35	view_disciplinacurso
141	Can add Aluno-Encarregado	36	add_alunoencarregado
142	Can change Aluno-Encarregado	36	change_alunoencarregado
143	Can delete Aluno-Encarregado	36	delete_alunoencarregado
144	Can view Aluno-Encarregado	36	view_alunoencarregado
145	Can add rupe candidato	37	add_rupecandidato
146	Can change rupe candidato	37	change_rupecandidato
147	Can delete rupe candidato	37	delete_rupecandidato
148	Can view rupe candidato	37	view_rupecandidato
149	Can add Candidato	38	add_candidato
150	Can change Candidato	38	change_candidato
151	Can delete Candidato	38	delete_candidato
152	Can view Candidato	38	view_candidato
153	Can add Exame de Admissão	39	add_exameadmissao
154	Can change Exame de Admissão	39	change_exameadmissao
155	Can delete Exame de Admissão	39	delete_exameadmissao
156	Can view Exame de Admissão	39	view_exameadmissao
157	Can add Ano Lectivo	40	add_anolectivo
158	Can change Ano Lectivo	40	change_anolectivo
159	Can delete Ano Lectivo	40	delete_anolectivo
160	Can view Ano Lectivo	40	view_anolectivo
161	Can add Histórico Escolar	41	add_historicoescolar
162	Can change Histórico Escolar	41	change_historicoescolar
163	Can delete Histórico Escolar	41	delete_historicoescolar
164	Can view Histórico Escolar	41	view_historicoescolar
165	Can add Lista de Espera	42	add_listaespera
166	Can change Lista de Espera	42	change_listaespera
167	Can delete Lista de Espera	42	delete_listaespera
168	Can view Lista de Espera	42	view_listaespera
169	Can add Configuração do Sistema	43	add_configuracao
170	Can change Configuração do Sistema	43	change_configuracao
171	Can delete Configuração do Sistema	43	delete_configuracao
172	Can view Configuração do Sistema	43	view_configuracao
173	Can add Notificação	44	add_notificacao
174	Can change Notificação	44	change_notificacao
175	Can delete Notificação	44	delete_notificacao
176	Can view Notificação	44	view_notificacao
177	Can add Usuário	45	add_usuario
178	Can change Usuário	45	change_usuario
179	Can delete Usuário	45	delete_usuario
180	Can view Usuário	45	view_usuario
181	Can add Vaga por Curso	46	add_vagacurso
182	Can change Vaga por Curso	46	change_vagacurso
183	Can delete Vaga por Curso	46	delete_vagacurso
184	Can view Vaga por Curso	46	view_vagacurso
\.


--
-- Data for Name: auth_user; Type: TABLE DATA; Schema: public; Owner: postgres
--

COPY public.auth_user (id, password, last_login, is_superuser, username, first_name, last_name, email, is_staff, is_active, date_joined) FROM stdin;
5	pbkdf2_sha256$1000000$ELrKrsLYl1L8NJyeWjL05p$D6lvGS4rufMj6NI1KPbnpWkwTQDvFm0o+6ItlCadE6I=	\N	f	arnaldoarnaldoarmando@gmail.com	Arnaldo		arnaldoarnaldoarmando@gmail.com	f	t	2026-02-15 12:19:18.496155+01
2	pbkdf2_sha256$1000000$tYkSyWjjPcmVsM9jAaT1rf$aOJd9pPJfktsaSw+ts+dmG2PbO9+Bi3Pp6LqKrNPuKI=	\N	t	Admin0707	Aguinaldo	Arnaldo	aguinaldoarnaldo66@gmail.com	t	t	2026-01-27 21:37:59+01
7	pbkdf2_sha256$1000000$Ax9vJkqBfAybXCsKoFGu3Z$kO4PevULFBCuEW6LBE2EVzxvRTLJwhm5SJH8M7TNLn0=	\N	f	nirella@gmail.com	Nyrella	Silva	nirella@gmail.com	f	t	2026-02-19 13:24:24.355852+01
6	pbkdf2_sha256$1000000$pOHOuZkuuiY6eGWmy3LKHR$PHkLhFJVRcCxugNA9frYxle1U6XnmhOKGp6VK5KA2IA=	\N	f	andremiguel@gmail.com	Andre	Miguel	andremiguel@gmail.com	f	t	2026-02-15 16:38:48.139155+01
1	pbkdf2_sha256$1000000$NJhYBa267iBhy4WYtl6NDg$FMZI8AWjaDsek8AIssTe9rAWax7IEA3JQdOw38yYPkE=	2026-02-23 12:36:18.414461+01	t	admin	admin		aguinaldoarnaldo5@gmail.com	t	t	2026-01-11 14:59:57+01
4	pbkdf2_sha256$1000000$ejkiHOlhTKQSD8EXJFNUdh$lM9VHxnjBCz6FLayULSXypgwn6/AD3nE9Vk069OsmEs=	2026-02-15 12:17:28.27488+01	t	manuelalisboa207@gmail.com	Manuela	Lisboa	manuelalisboa207@gmail.com	t	t	2026-01-28 01:17:19+01
\.


--
-- Data for Name: auth_user_groups; Type: TABLE DATA; Schema: public; Owner: postgres
--

COPY public.auth_user_groups (id, user_id, group_id) FROM stdin;
1	2	1
2	2	2
3	2	3
4	2	4
5	2	5
6	1	1
7	1	2
8	1	3
9	1	4
10	1	5
11	4	2
\.


--
-- Data for Name: auth_user_user_permissions; Type: TABLE DATA; Schema: public; Owner: postgres
--

COPY public.auth_user_user_permissions (id, user_id, permission_id) FROM stdin;
1	2	1
2	2	2
3	2	3
4	2	4
5	2	5
6	2	6
7	2	7
8	2	8
9	2	9
10	2	10
11	2	11
12	2	12
13	2	13
14	2	14
15	2	15
16	2	16
17	2	17
18	2	18
19	2	19
20	2	20
21	2	21
22	2	22
23	2	23
24	2	24
25	2	25
26	2	26
27	2	27
28	2	28
29	2	29
30	2	30
31	2	31
32	2	32
33	2	33
34	2	34
35	2	35
36	2	36
37	2	37
38	2	38
39	2	39
40	2	40
41	2	41
42	2	42
43	2	43
44	2	44
45	2	45
46	2	46
47	2	47
48	2	48
49	2	49
50	2	50
51	2	51
52	2	52
53	2	53
54	2	54
55	2	55
56	2	56
57	2	57
58	2	58
59	2	59
60	2	60
61	2	61
62	2	62
63	2	63
64	2	64
65	2	65
66	2	66
67	2	67
68	2	68
69	2	69
70	2	70
71	2	71
72	2	72
73	2	73
74	2	74
75	2	75
76	2	76
77	2	77
78	2	78
79	2	79
80	2	80
81	2	81
82	2	82
83	2	83
84	2	84
85	2	85
86	2	86
87	2	87
88	2	88
89	2	89
90	2	90
91	2	91
92	2	92
93	2	93
94	2	94
95	2	95
96	2	96
97	2	97
98	2	98
99	2	99
100	2	100
101	2	101
102	2	102
103	2	103
104	2	104
105	2	105
106	2	106
107	2	107
108	2	108
109	2	109
110	2	110
111	2	111
112	2	112
113	2	113
114	2	114
115	2	115
116	2	116
117	2	117
118	2	118
119	2	119
120	2	120
121	2	121
122	2	122
123	2	123
124	2	124
125	2	125
126	2	126
127	2	127
128	2	128
129	2	129
130	2	130
131	2	131
132	2	132
133	2	133
134	2	134
135	2	135
136	2	136
137	2	137
138	2	138
139	2	139
140	2	140
141	2	141
142	2	142
143	2	143
144	2	144
145	2	145
146	2	146
147	2	147
148	2	148
149	2	149
150	2	150
151	2	151
152	2	152
153	2	153
154	2	154
155	2	155
156	2	156
157	2	157
158	2	158
159	2	159
160	2	160
161	2	161
162	2	162
163	2	163
164	2	164
165	2	165
166	2	166
167	2	167
168	2	168
169	2	169
170	2	170
171	2	171
172	2	172
173	2	173
174	2	174
175	2	175
176	2	176
177	2	177
178	2	178
179	2	179
180	2	180
181	1	1
182	1	2
183	1	3
184	1	4
185	1	5
186	1	6
187	1	7
188	1	8
189	1	9
190	1	10
191	1	11
192	1	12
193	1	13
194	1	14
195	1	15
196	1	16
197	1	17
198	1	18
199	1	19
200	1	20
201	1	21
202	1	22
203	1	23
204	1	24
205	1	25
206	1	26
207	1	27
208	1	28
209	1	29
210	1	30
211	1	31
212	1	32
213	1	33
214	1	34
215	1	35
216	1	36
217	1	37
218	1	38
219	1	39
220	1	40
221	1	41
222	1	42
223	1	43
224	1	44
225	1	45
226	1	46
227	1	47
228	1	48
229	1	49
230	1	50
231	1	51
232	1	52
233	1	53
234	1	54
235	1	55
236	1	56
237	1	57
238	1	58
239	1	59
240	1	60
241	1	61
242	1	62
243	1	63
244	1	64
245	1	65
246	1	66
247	1	67
248	1	68
249	1	69
250	1	70
251	1	71
252	1	72
253	1	73
254	1	74
255	1	75
256	1	76
257	1	77
258	1	78
259	1	79
260	1	80
261	1	81
262	1	82
263	1	83
264	1	84
265	1	85
266	1	86
267	1	87
268	1	88
269	1	89
270	1	90
271	1	91
272	1	92
273	1	93
274	1	94
275	1	95
276	1	96
277	1	97
278	1	98
279	1	99
280	1	100
281	1	101
282	1	102
283	1	103
284	1	104
285	1	105
286	1	106
287	1	107
288	1	108
289	1	109
290	1	110
291	1	111
292	1	112
293	1	113
294	1	114
295	1	115
296	1	116
297	1	117
298	1	118
299	1	119
300	1	120
301	1	121
302	1	122
303	1	123
304	1	124
305	1	125
306	1	126
307	1	127
308	1	128
309	1	129
310	1	130
311	1	131
312	1	132
313	1	133
314	1	134
315	1	135
316	1	136
317	1	137
318	1	138
319	1	139
320	1	140
321	1	141
322	1	142
323	1	143
324	1	144
325	1	145
326	1	146
327	1	147
328	1	148
329	1	149
330	1	150
331	1	151
332	1	152
333	1	153
334	1	154
335	1	155
336	1	156
337	1	157
338	1	158
339	1	159
340	1	160
341	1	161
342	1	162
343	1	163
344	1	164
345	1	165
346	1	166
347	1	167
348	1	168
349	1	169
350	1	170
351	1	171
352	1	172
353	1	173
354	1	174
355	1	175
356	1	176
357	1	177
358	1	178
359	1	179
360	1	180
\.


--
-- Data for Name: candidato; Type: TABLE DATA; Schema: public; Owner: postgres
--

COPY public.candidato (criado_em, atualizado_em, id_candidato, numero_inscricao, nome_completo, genero, data_nascimento, numero_bi, nacionalidade, residencia, telefone, email, escola_proveniencia, municipio_escola, ano_conclusao, media_final, turno_preferencial, nome_encarregado, parentesco_encarregado, telefone_encarregado, status, curso_primeira_opcao_id, curso_segunda_opcao_id, certificado, comprovativo_bi, foto_passe, ano_lectivo_id, email_encarregado, numero_bi_encarregado, deficiencia, naturalidade, tipo_escola, profissao_encarregado, residencia_encarregado, telefone_alternativo_encarregado, municipio, provincia) FROM stdin;
2026-02-16 11:03:02.871075+01	2026-02-16 11:06:22.186274+01	169	INS20260005	Aguinaldo Programador	F	2000-06-07	09876543UI090	Angolana	Kifangondo	980765432	aguinaldoarnaldo4@gmail.com	Luz do saber	Cacuaco	2024	19.00	\N	Politecnico do mayombe	Mãe	946464376	INSCRITO	13	12	candidatos/certificados/Programa_Formacao_Python_JlCjZMY.pdf	candidatos/bi/Questionario_Requisitos_Matricula_Instituto_Mayombe_O9iJmVy.pdf	candidatos/fotos/IMG_E7553.JPG	4	aguinaldoarnado5@gmail.com	085535424LA090	Não	Bungo	Pública	Professor	bairro uige	908765432	Sequele	Icolo-Bengo
2026-02-02 10:57:45.306941+01	2026-02-02 22:44:13.224983+01	164	INS20260001	Aguinaldo Victoriano José Arnaldo	M	2005-07-07	007865134UE040	Angolana	Bairro Vidrul,cacuaco	946464376	aguinaldoarnaldo5@gmail.com	Movelider	Sequele	2021	19.00	\N	Farncisco luis Fernado	Irmão(ã)	922116023	INSCRITO	13	15	candidatos/certificados/RNCGFFWE_certificado_Aguinaldo_OY6xyeR.pdf	candidatos/bi/RNCGFFWE_certificado_Aguinaldo_rXuxKno.pdf	candidatos/fotos/IMG_E9029_1ximeYf.JPG	\N	fernandoluis@gmail.com	007865134UE040	Não	Bungo	Pública	Engenheiro	primeiro de maio	987654321	sequele	icolo-Bengo
2026-02-07 13:50:30.507486+01	2026-02-07 14:37:15.436122+01	166	INS20260003	Ines Jobino	F	2004-07-01	098978889LA674	Angolana	Vila de cacuco	967543733	inesjobino@gmail.com	Movelider	Cacuaco	2024	18.00	\N	Aguinaldo Arnaldo	Outro	953613957	INSCRITO	12	13	candidatos/certificados/funcionalidades_sistema_matriculas_wJh2kn1.pdf	candidatos/bi/Curriculo_Aguinaldo_Victoriano_Jose_Arnaldo_YBtOQ5k.pdf	candidatos/fotos/IMG_8233.JPG	\N	aguinaldoarnaldo5@gmail.com	007865134UE040	Sim	Luanda	Pública	Engenheiro	bairro vidrul	946464376	sequele	Icolo-Bengo
2026-02-02 22:51:11.528992+01	2026-02-02 22:51:46.413662+01	165	INS20260002	Manuela Lisboa	F	2007-12-12	502264948LA036	Angolana	Sepa	923062813	manuelalisboa207@gmail.com	Colégio Sacrifício	Cacuaco	2024	18.00	\N	Arnaldo Jose	Outro	927567980	INSCRITO	13	12	candidatos/certificados/RNCGFFWE_certificado_Aguinaldo_ZREAxsM.pdf	candidatos/bi/RNCGFFWE_certificado_Aguinaldo_7sBMsGF.pdf	candidatos/fotos/WhatsApp_Image_2025-12-20_at_22_8utdHvE.58.31.jpeg	\N	aguinaldoarnaldo4@gmail.com	0888324234BG090	Não	Cacuaco	Pública	Engenheiro	sequele,Rua 9	956789456	sequele	icolo-Bengo
2026-02-16 22:37:24.730425+01	2026-02-16 22:37:36.439477+01	170	INS20260006	Leonel Antonio	M	2005-07-21	09876543LA090	Angolana	Sepa	987654321	leonelantonio@gmail.com	Lar Doce	Sambisanga	2025	18.00	\N	Luis Miguel Antonio	Irmão(ã)	946464376	INSCRITO	12	13	candidatos/certificados/Programa_Formacao_Python_cQJd2AF.pdf	candidatos/bi/funcionalidades_sistema_matriculas_rCo13oi.pdf	candidatos/fotos/ICYJ2201.WEBP	4	arnaldoarnaldoarmando@gmail.com	123456789LA098	Não	Bungo	Pública	Engenheiro	Bairro Vidrul	908976543	Sequele	Icolo-Bengo
2026-02-14 12:01:32.076902+01	2026-02-14 19:50:48.803068+01	167	INS20260004	Adelaide Ruth Jose Arnaldo	F	2003-06-06	0098768LA0983092	Angolana	Bloco 1	947419048	adelaidearnaldo06@gmail.com	AvoKindombe	Cacuaco	2024	19.00	\N	Aguinaldo Arnaldo	Irmão(ã)	946464376	INSCRITO	12	13	candidatos/certificados/Curriculo_Aguinaldo_Victoriano_Jose_Arnaldo_Qg72MHd.pdf	candidatos/bi/funcionalidades_sistema_matriculas_P8iQugW.pdf	candidatos/fotos/ChatGPT_Image_26_10_2025_16_02_06_5Zph7c5.png	1	aguinaldoarnaldo5@gmail.com	007865134UE040	Não	Bungo	Pública	Engenheiro	Rua 9	953613957	sequele	Icolo-Bengo
2026-02-23 01:52:36.121148+01	2026-02-23 02:05:50.532122+01	174	INS20260010	Andelaide Aguinaldo	F	2005-11-11	0908765689LA9897	Angolana	vila	976564709	adelaide09@gmail.com	Rua amarga	cacuco	2026	14.00	\N	Guilherme	Irmão(ã)	90879564	MATRICULADO	15	13	candidatos/certificados/Curriculo_Aguinaldo_Victoriano_Jose_Arnaldo_IM556MG.pdf	candidatos/bi/funcionalidades_sistema_matriculas_ot05Gzh.pdf	candidatos/fotos/WhatsApp_Image_2025-10-27_at_12.30.34.jpeg	1	guilherme@gmail.com	09897867678AL989	Não	Luanda	Pública	professor	vila	908798786	palanca	Caxito
2026-02-16 23:31:44.556382+01	2026-02-16 23:34:33.382247+01	171	INS20260007	Delcio Manuela	M	2004-10-14	345785987867KJ098	Angolana	Bairro Vidrul,cacuaco	908766565	delcio@gmail.com	Luz amarela	Sambisanga	2025	16.00	\N	Leo Alfredo	Pai	908786543	INSCRITO	15	13	candidatos/certificados/Programa_Formacao_Python_6G7hLpZ.pdf	candidatos/bi/funcionalidades_sistema_matriculas_MiLKWHp.pdf	candidatos/fotos/ObjectDiagram.png	4	leo@gmail.com	007865134UE908	Não	Sambisanga	Pública	professor	primeiro de maio	908765476	Sambisanga	Luanda
2026-02-19 13:36:24.400236+01	2026-02-19 13:55:27.755086+01	172	INS20260008	Henriques Silva	M	2007-07-07	000000000000000LA	Angolana	Vidrul	927982830	henriques@gmail.com	Luz do amanha	Cacuaco	2028	16.00	\N	Maria Jose	Mãe	928273617	INSCRITO	12	16	candidatos/certificados/ChatGPT_Image_26_10_2025_16_06_50.png	candidatos/bi/ChatGPT_Image_26_10_2025_16_06_50.png	candidatos/fotos/ChatGPT_Image_26_10_2025_16_06_50.png	5	maria@gmail.com	0990883343UE980	Não	Huambo	Pública	Advogada	sequele,Rua 9	918273654	Sequele	Luanda
2026-02-23 01:42:14.915433+01	2026-02-23 01:42:14.915433+01	173	INS20260009	17 Aguinaldo Arnaldo	M	2009-07-09	0908765689UI903	Angolana	vila	976564718	aguinaldoarnal@gmail.com	Lua doce	cacuco	2026	15.00	\N	17 Aguinaldo	Pai	908798767	INSCRITO	15	15	candidatos/certificados/Programa_Formacao_Python_bJl6g3g.pdf	candidatos/bi/funcionalidades_sistema_matriculas_1RFJBTa.pdf	candidatos/fotos/Currículo_Profissional_Administração_Corporativo_Tradicional_Preto_2025_iLg17sA.png	1	armando4@gmail.com	09897867678UI989	Não	Luanda	Privada	professor	vila	908798363	palanca	Caxito
2026-02-25 13:03:09.521733+01	2026-02-25 13:05:09.592811+01	176	INS20260012	Manuela Lisboa	F	2007-12-12	09890965BG090	Angolana	Vidrul	908765676	manuela@gmail.com	saber voa	Cacuaco	2024	16.00	\N	Palmira Lisboa	Mãe	923098984	INSCRITO	16	15	candidatos/certificados/Questionario_Requisitos_Matricula_Instituto_Mayombe_KSgTN6N.pdf	candidatos/bi/Programa_Formacao_Python_KZ5zU93.pdf	candidatos/fotos/Captura_de_ecrã_2026-01-31_020150.png	13	palmira@gmail.com	0098978678BG980	Não	Bungo	Pública	Policia	sepa	956784152	Sequele	Icolo-Bengo
2026-02-23 02:11:31.700063+01	2026-02-23 02:12:25.391902+01	175	INS20260011	Arnaldo Jpse	M	2026-02-06	0908765689UI9087	Angolana	vila	9012345678	agia4@gmail.com	dasgvfdg	cacuco	2024	12.00	\N	fdfadsfafsd	Mãe	908798123	INSCRITO	15	13	candidatos/certificados/Programa_Formacao_Python_Op0V8Mx.pdf	candidatos/bi/Questionario_Requisitos_Matricula_Instituto_Mayombe_Ul8QBcT.pdf	candidatos/fotos/ObjectDiagram34.jpg	13	2e132@gmail.com	09897867678UI879	Não	Luanda	Pública	professor	vila	908798231	palanca	Caxito
\.


--
-- Data for Name: cargo; Type: TABLE DATA; Schema: public; Owner: postgres
--

COPY public.cargo (criado_em, atualizado_em, id_cargo, nome_cargo) FROM stdin;
2026-01-11 15:27:34.74907+01	2026-01-11 15:27:34.74907+01	1	Direitor
2026-01-17 13:19:41.890963+01	2026-01-17 13:19:41.891989+01	2	Professor
2026-01-17 13:19:41.931486+01	2026-01-17 13:19:41.931486+01	3	Secretário
2026-01-17 13:19:41.936697+01	2026-01-17 13:19:41.936697+01	4	Diretor
2026-01-17 13:19:41.93995+01	2026-01-17 13:19:41.940554+01	5	Coordenador
2026-01-17 13:19:41.943669+01	2026-01-17 13:19:41.943669+01	6	Segurança
2026-01-17 13:19:41.948035+01	2026-01-17 13:19:41.948035+01	7	Limpeza
2026-01-17 22:44:22.476644+01	2026-01-17 22:44:22.476644+01	8	Administrador
\.


--
-- Data for Name: cargo_funcionario; Type: TABLE DATA; Schema: public; Owner: postgres
--

COPY public.cargo_funcionario (id_cargo_funcionario, data_inicio, data_fim, id_cargo_id, id_funcionario_id) FROM stdin;
\.


--
-- Data for Name: classe; Type: TABLE DATA; Schema: public; Owner: postgres
--

COPY public.classe (id_classe, nivel, descricao) FROM stdin;
2	11	11ª Classe
3	12	12ª Classe
4	13	13ª Classe
1	10	10ª Classe
\.


--
-- Data for Name: configuracao; Type: TABLE DATA; Schema: public; Owner: postgres
--

COPY public.configuracao (id_config, candidaturas_abertas, mensagem_candidaturas_fechadas, logo, nome_escola, data_fim_candidatura, fechamento_automatico) FROM stdin;
1	t		branding/logo_ipm2.png	Sistema de Gestão	2026-02-26 00:27:00+01	t
\.


--
-- Data for Name: curso; Type: TABLE DATA; Schema: public; Owner: postgres
--

COPY public.curso (criado_em, atualizado_em, id_curso, nome_curso, id_area_formacao_id, id_responsavel_id, duracao) FROM stdin;
2026-01-20 23:51:34.829889+01	2026-01-20 23:51:34.829889+01	13	Informatica de gestão	1	1	4
2026-01-19 22:08:00.645552+01	2026-01-21 01:06:44.401574+01	12	Contabilidade	1	2	3
2026-01-30 00:02:34.402324+01	2026-01-30 00:02:34.402324+01	15	Informática	1	3	4
2026-01-30 00:03:37.481595+01	2026-02-19 14:08:14.693357+01	16	Gestão Empresaria	4	2	6
\.


--
-- Data for Name: departamento; Type: TABLE DATA; Schema: public; Owner: postgres
--

COPY public.departamento (id_departamento, nome_departamento, chefe_id_funcionario_id) FROM stdin;
\.


--
-- Data for Name: disciplina; Type: TABLE DATA; Schema: public; Owner: postgres
--

COPY public.disciplina (criado_em, atualizado_em, id_disciplina, nome, carga_horaria, id_coordenador_id, id_tipo_disciplina_id) FROM stdin;
\.


--
-- Data for Name: disciplina_curso; Type: TABLE DATA; Schema: public; Owner: postgres
--

COPY public.disciplina_curso (id_disciplina_curso, id_curso_id, id_disciplina_id) FROM stdin;
\.


--
-- Data for Name: django_admin_log; Type: TABLE DATA; Schema: public; Owner: postgres
--

COPY public.django_admin_log (id, action_time, object_id, object_repr, action_flag, change_message, content_type_id, user_id) FROM stdin;
1	2026-01-11 15:25:38.345257+01	1	Sala 1	1	[{"added": {}}]	13	1
2	2026-01-11 15:27:34.755247+01	1	Direitor	1	[{"added": {}}]	9	1
3	2026-01-11 15:30:16.408845+01	1	Aguinaldo Arnaldo Victoriano José Arnaldo - 000	1	[{"added": {}}]	17	1
4	2026-01-11 15:30:27.204498+01	1	Informatica	1	[{"added": {}}]	8	1
5	2026-01-11 15:31:02.467203+01	1	Informatica	1	[{"added": {}}]	21	1
6	2026-01-11 15:31:31.415955+01	1	10ª Classe	1	[{"added": {}}]	11	1
7	2026-01-11 15:31:50.792427+01	1	Tarde	1	[{"added": {}}]	27	1
8	2026-01-11 15:32:43.811102+01	1	1IN10T26	1	[{"added": {}}]	30	1
9	2026-01-11 15:33:20.654846+01	1	Aguinaldo Arnaldo Victoriano José Arnaldo - 4324	1	[{"added": {}}]	7	1
10	2026-01-17 13:07:25.095983+01	2	Aguinaldo Victoriano Jose Arnaldo - None	1	[{"added": {}}]	7	1
11	2026-01-17 18:11:41.290747+01	1	Matrícula 1 - Ana Oliveira	1	[{"added": {}}]	33	1
12	2026-01-18 01:58:06.985185+01	11	Sala 11	1	[{"added": {}}]	13	1
13	2026-01-18 10:58:22.469369+01	12	Sala 12	1	[{"added": {}}]	13	1
14	2026-01-18 23:12:04.084641+01	1	Matrícula 1 - Ana Oliveira	3		33	1
15	2026-01-18 23:20:29.521522+01	152	INS20260002 - Aguinaldo Victoriano Jose Arnaldo	2	[{"changed": {"fields": ["Email"]}}]	38	1
16	2026-01-19 01:20:42.221477+01	23	1IN10M25	3		30	1
17	2026-01-19 03:05:24.046545+01	7	Informatica de gestão	1	[{"added": {}}]	21	1
18	2026-01-19 03:08:51.418372+01	5	Enfermagem	3		21	1
19	2026-01-19 03:10:35.001636+01	6	Contabilidade	3		21	1
20	2026-01-19 03:10:35.001636+01	4	Direito	3		21	1
21	2026-01-19 03:10:35.001636+01	3	Gestão	3		21	1
22	2026-01-19 03:10:35.001636+01	2	Informática	3		21	1
23	2026-01-19 03:13:59.347481+01	8	Informatica	1	[{"added": {}}]	21	1
24	2026-01-19 03:14:12.814897+01	8	Informatica	3		21	1
25	2026-01-19 03:18:05.983156+01	24	2IN10Ts>	1	[{"added": {}}]	30	1
26	2026-01-19 03:18:36.772766+01	24	2IN10Ts>	3		30	1
27	2026-01-19 03:24:43.188061+01	151	INS20260001 - Aguinaldo Victoriano Jose Arnaldo	3		38	1
28	2026-01-19 03:26:26.583052+01	4	Matrícula 4 - Aguinaldo Victoriano Jose Arnaldo	3		33	1
29	2026-01-19 17:37:49.579894+01	9	Informatica	1	[{"added": {}}]	21	1
30	2026-01-19 17:37:50.21476+01	10	Informatica	1	[{"added": {}}]	21	1
31	2026-01-19 17:38:12.59383+01	9	Informatica	3		21	1
32	2026-01-19 17:38:23.844454+01	10	Informatica	3		21	1
33	2026-01-19 17:39:10.83252+01	11	Informatica	1	[{"added": {}}]	21	1
34	2026-01-19 22:08:01.048245+01	12	Contabilidade	1	[{"added": {}}]	21	1
35	2026-01-20 09:13:09.503664+01	113	Aguinaldo - 2024200	2	[{"changed": {"fields": ["Provincia residencia", "Bairro residencia", "Numero casa", "Turma"]}}]	7	1
36	2026-01-20 09:16:15.934932+01	1	10ª Classe	2	[{"changed": {"fields": ["Descricao"]}}]	11	1
37	2026-01-20 09:16:23.457066+01	1	10ª Classe	2	[{"changed": {"fields": ["Descricao"]}}]	11	1
38	2026-01-20 20:58:59.887312+01	25	12IN10M25	2	[{"changed": {"fields": ["Estado da Turma"]}}]	30	1
39	2026-01-20 21:03:17.43771+01	25	12IN10M25	2	[{"changed": {"fields": ["Estado da Turma"]}}]	30	1
40	2026-01-20 21:16:44.610461+01	26	2IN10Ts>	1	[{"added": {}}]	30	1
41	2026-01-20 21:19:44.816731+01	26	2IN10T25	2	[{"changed": {"fields": ["Ano", "C\\u00f3digo da Turma"]}}]	30	1
42	2026-01-20 21:24:44.249351+01	26	2IN10T25	2	[]	30	1
43	2026-01-20 21:33:50.218531+01	25	12IN10M25	2	[]	30	1
44	2026-01-20 23:48:32.665056+01	26	2IN10T25	2	[{"changed": {"fields": ["Curso"]}}]	30	1
45	2026-01-20 23:49:09.68884+01	7	Informatica de gestão	3		21	1
46	2026-01-20 23:51:35.460241+01	13	Informatica de gestão	1	[{"added": {}}]	21	1
47	2026-01-20 23:52:55.128084+01	11	Informatica	3		21	1
48	2026-01-21 00:01:31.784741+01	25	12IN10M25	2	[{"changed": {"fields": ["Curso"]}}]	30	1
49	2026-01-23 02:11:53.248985+01	6	Matrícula 6 - José Almeida	2	[{"changed": {"fields": ["Ano Lectivo"]}}]	33	1
50	2026-01-23 02:12:48.010978+01	5	Matrícula 5 - Aguinaldo Victoriano Jose Arnaldo	2	[{"changed": {"fields": ["Ano Lectivo"]}}]	33	1
51	2026-01-23 02:28:08.464398+01	26	2CO10T25	2	[{"changed": {"fields": ["Curso", "Ano Lectivo"]}}]	30	1
52	2026-01-23 10:51:01.241185+01	3	Matrícula 3 - Aguinaldo Victoriano Jose Arnaldo	2	[{"changed": {"fields": ["Ano Lectivo"]}}]	33	1
53	2026-01-24 23:39:45.073516+01	4	Ines Jobino - FUNC20261997	2	[{"changed": {"fields": ["Telefone"]}}]	17	1
54	2026-01-25 12:35:51.274834+01	160	INS20260006 - Ines Jobino	2	[{"changed": {"fields": ["Data nascimento"]}}]	38	1
55	2026-01-25 21:49:38.322878+01	160	INS20260006 - Ines Jobino	2	[{"changed": {"fields": ["Email encarregado", "Numero bi encarregado", "Ano Lectivo"]}}]	38	1
56	2026-01-25 22:20:40.505668+01	160	INS20260006 - Ines Jobino	2	[]	38	1
57	2026-01-25 22:43:36.07842+01	160	INS20260006 - Ines Jobino	2	[]	38	1
58	2026-01-25 22:47:27.302356+01	160	INS20260006 - Ines Jobino	2	[]	38	1
59	2026-01-25 23:01:02.51365+01	160	INS20260006 - Ines Jobino	2	[{"changed": {"fields": ["Escola proveniencia"]}}]	38	1
60	2026-01-25 23:12:39.890499+01	160	INS20260006 - Ines Jobino	2	[{"changed": {"fields": ["Telefone alternativo encarregado", "Profissao encarregado", "Residencia encarregado"]}}]	38	1
61	2026-01-27 00:48:45.203605+01	117	Aguinaldo Victoriano Jose Arnaldo - 2024203	2	[{"changed": {"fields": ["Bairro residencia", "Numero casa", "Turma"]}}]	7	1
62	2026-01-27 21:38:01.717115+01	2	Admin0707	1	[{"added": {}}]	4	1
63	2026-01-27 21:39:06.525058+01	2	Admin0707	2	[{"changed": {"fields": ["Superuser status", "Groups", "User permissions"]}}]	4	1
64	2026-01-27 21:40:09.814816+01	2	Admin0707	2	[{"changed": {"fields": ["Active"]}}]	4	1
65	2026-01-27 21:40:38.392786+01	2	Admin0707	2	[{"changed": {"fields": ["Active", "Staff status"]}}]	4	1
66	2026-01-27 23:56:02.668543+01	2	Admin0707	2	[{"changed": {"fields": ["First name", "Last name", "Email address"]}}]	4	1
67	2026-01-28 00:59:05.005072+01	2	Admin0707	2	[{"changed": {"fields": ["User permissions"]}}]	4	1
68	2026-01-28 01:00:17.401266+01	1	admin	2	[{"changed": {"fields": ["Groups", "User permissions"]}}]	4	1
69	2026-01-28 01:00:17.693315+01	1	admin	2	[{"changed": {"fields": ["Groups", "User permissions"]}}]	4	1
70	2026-01-28 10:52:21.950373+01	4	manuelalisboa207@gmail.com	2	[{"changed": {"fields": ["Groups", "User permissions"]}}]	4	1
71	2026-01-28 11:33:07.797362+01	4	manuelalisboa207@gmail.com	2	[]	4	1
72	2026-01-28 11:33:27.157095+01	4	manuelalisboa207@gmail.com	2	[{"changed": {"fields": ["Staff status", "Superuser status"]}}]	4	1
73	2026-01-29 19:43:11.130577+01	15	Ana Oliveira - 2024102	3		7	1
74	2026-01-29 19:43:58.177494+01	14	Informatica	1	[{"added": {}}]	21	1
75	2026-01-29 19:51:15.210404+01	14	Informatica	3		21	1
76	2026-01-29 20:34:02.672055+01	2	2027 (Inactivo)	3		40	1
77	2026-01-29 22:46:56.908503+01	163	INS20260009 - Salvio Gomes	2	[{"changed": {"fields": ["Status"]}}]	38	1
78	2026-01-30 00:24:13.979117+01	115	Aguinaldo Victoriano Jose Arnaldo - 2024202	2	[{"changed": {"fields": ["Turma"]}}]	7	1
79	2026-01-31 01:35:57.674326+01	163	INS20260009 - Salvio Gomes	2	[{"changed": {"fields": ["Status"]}}]	38	1
80	2026-02-01 22:15:30.734437+01	10	Matrícula 10 - Aguinaldo	3		33	1
81	2026-02-01 22:15:30.734437+01	9	Matrícula 9 - Aguinaldo	3		33	1
82	2026-02-01 22:15:30.734437+01	8	Matrícula 8 - Manuela Lisboa	3		33	1
83	2026-02-01 22:15:30.734437+01	7	Matrícula 7 - Ines Jobino	3		33	1
84	2026-02-01 22:15:30.734942+01	6	Matrícula 6 - José Almeida	3		33	1
85	2026-02-01 22:15:30.734942+01	5	Matrícula 5 - Aguinaldo Victoriano Jose Arnaldo	3		33	1
86	2026-02-01 22:15:30.734942+01	3	Matrícula 3 - Aguinaldo Victoriano Jose Arnaldo	3		33	1
87	2026-02-01 22:15:30.734942+01	2	Matrícula 2 - Aguinaldo	3		33	1
88	2026-02-01 22:15:56.174844+01	163	INS20260009 - Salvio Gomes	3		38	1
89	2026-02-01 22:15:56.174844+01	162	INS20260008 - Ayton M Dinis	3		38	1
90	2026-02-01 22:15:56.174844+01	161	INS20260007 - Manuela Lisboa	3		38	1
91	2026-02-01 22:15:56.174844+01	160	INS20260006 - Ines Jobino	3		38	1
92	2026-02-01 22:15:56.175395+01	159	INS20260005 - José Almeida	3		38	1
93	2026-02-01 22:15:56.175395+01	154	INS20260004 - Aguinaldo	3		38	1
94	2026-02-01 22:15:56.175395+01	153	INS20260003 - Aguinaldo Victoriano Jose Arnaldo	3		38	1
95	2026-02-01 22:15:56.175395+01	152	INS20260002 - Aguinaldo Victoriano Jose Arnaldo	3		38	1
96	2026-02-01 22:17:27.880786+01	113	Aguinaldo - 2024200	3		7	1
97	2026-02-01 22:17:27.880786+01	117	Aguinaldo Victoriano Jose Arnaldo - 2024203	3		7	1
98	2026-02-01 22:17:27.880786+01	115	Aguinaldo Victoriano Jose Arnaldo - 2024202	3		7	1
99	2026-02-01 22:17:27.880786+01	114	Aguinaldo Victoriano Jose Arnaldo - 2024201	3		7	1
100	2026-02-01 22:17:27.880786+01	98	Ana Pereira - 2024185	3		7	1
101	2026-02-01 22:17:27.880786+01	87	Ana Santos - 2024174	3		7	1
102	2026-02-01 22:17:27.880786+01	56	Ana Santos - 2024143	3		7	1
103	2026-02-01 22:17:27.880786+01	24	Ana Santos - 2024111	3		7	1
104	2026-02-01 22:17:27.880786+01	54	Ana Silva - 2024141	3		7	1
105	2026-02-01 22:17:27.880786+01	46	Ana Silva - 2024133	3		7	1
106	2026-02-01 22:17:27.880786+01	28	Ana Silva - 2024115	3		7	1
107	2026-02-01 22:17:27.880786+01	107	Ana Souza - 2024194	3		7	1
108	2026-02-01 22:17:27.880786+01	19	Ana Souza - 2024106	3		7	1
109	2026-02-01 22:17:27.880786+01	40	Bruno Oliveira - 2024127	3		7	1
110	2026-02-01 22:17:27.880786+01	65	Bruno Pereira - 2024152	3		7	1
111	2026-02-01 22:17:27.880786+01	50	Bruno Pereira - 2024137	3		7	1
112	2026-02-01 22:17:27.880786+01	60	Bruno Santos - 2024147	3		7	1
113	2026-02-01 22:17:27.880786+01	20	Bruno Santos - 2024107	3		7	1
114	2026-02-01 22:17:27.880786+01	101	Bruno Silva - 2024188	3		7	1
115	2026-02-01 22:17:27.881337+01	91	Bruno Silva - 2024178	3		7	1
116	2026-02-01 22:17:40.444897+01	73	Bruno Silva - 2024160	3		7	1
117	2026-02-01 22:17:40.444897+01	66	Bruno Souza - 2024153	3		7	1
118	2026-02-01 22:17:40.444897+01	63	Bruno Souza - 2024150	3		7	1
119	2026-02-01 22:17:40.444897+01	14	Bruno Souza - 2024101	3		7	1
120	2026-02-01 22:17:40.444897+01	83	Carlos Oliveira - 2024170	3		7	1
121	2026-02-01 22:17:40.444897+01	58	Carlos Pereira - 2024145	3		7	1
122	2026-02-01 22:17:40.445489+01	99	Carlos Santos - 2024186	3		7	1
123	2026-02-01 22:17:40.445489+01	68	Carlos Santos - 2024155	3		7	1
124	2026-02-01 22:17:40.445489+01	67	Carlos Santos - 2024154	3		7	1
125	2026-02-01 22:17:40.445489+01	36	Carlos Silva - 2024123	3		7	1
126	2026-02-01 22:17:40.445489+01	29	Carlos Silva - 2024116	3		7	1
127	2026-02-01 22:17:40.445489+01	100	Carlos Souza - 2024187	3		7	1
128	2026-02-01 22:17:40.445489+01	82	Carlos Souza - 2024169	3		7	1
129	2026-02-01 22:17:40.445489+01	37	Carlos Souza - 2024124	3		7	1
130	2026-02-01 22:17:40.445489+01	35	Carlos Souza - 2024122	3		7	1
131	2026-02-01 22:17:40.445489+01	33	Daniela Oliveira - 2024120	3		7	1
132	2026-02-01 22:17:40.445489+01	108	Daniela Pereira - 2024195	3		7	1
133	2026-02-01 22:17:40.445489+01	57	Daniela Pereira - 2024144	3		7	1
134	2026-02-01 22:17:40.445489+01	109	Daniela Santos - 2024196	3		7	1
135	2026-02-01 22:17:40.445489+01	106	Daniela Santos - 2024193	3		7	1
136	2026-02-01 22:17:52.74246+01	69	Daniela Silva - 2024156	3		7	1
137	2026-02-01 22:17:52.74246+01	26	Daniela Silva - 2024113	3		7	1
138	2026-02-01 22:17:52.74246+01	97	Daniela Souza - 2024184	3		7	1
139	2026-02-01 22:17:52.74246+01	71	Daniela Souza - 2024158	3		7	1
140	2026-02-01 22:17:52.74246+01	34	Daniela Souza - 2024121	3		7	1
141	2026-02-01 22:17:52.74246+01	64	Eduardo Oliveira - 2024151	3		7	1
142	2026-02-01 22:17:52.74246+01	22	Eduardo Oliveira - 2024109	3		7	1
143	2026-02-01 22:17:52.74246+01	79	Eduardo Pereira - 2024166	3		7	1
144	2026-02-01 22:17:52.74246+01	72	Eduardo Santos - 2024159	3		7	1
145	2026-02-01 22:17:52.74246+01	30	Eduardo Santos - 2024117	3		7	1
146	2026-02-01 22:17:52.74246+01	88	Eduardo Souza - 2024175	3		7	1
147	2026-02-01 22:17:52.74246+01	86	Eduardo Souza - 2024173	3		7	1
148	2026-02-01 22:17:52.74246+01	84	Eduardo Souza - 2024171	3		7	1
149	2026-02-01 22:17:52.74246+01	70	Eduardo Souza - 2024157	3		7	1
150	2026-02-01 22:17:52.74246+01	55	Eduardo Souza - 2024142	3		7	1
151	2026-02-01 22:17:52.74246+01	48	Eduardo Souza - 2024135	3		7	1
152	2026-02-01 22:17:52.743519+01	112	Fernanda Oliveira - 2024199	3		7	1
153	2026-02-01 22:17:52.743519+01	77	Fernanda Oliveira - 2024164	3		7	1
154	2026-02-01 22:17:52.743519+01	17	Fernanda Oliveira - 2024104	3		7	1
155	2026-02-01 22:17:52.743519+01	53	Fernanda Pereira - 2024140	3		7	1
156	2026-02-01 22:18:10.463183+01	45	Fernanda Pereira - 2024132	3		7	1
157	2026-02-01 22:18:10.463183+01	110	Fernanda Santos - 2024197	3		7	1
158	2026-02-01 22:18:10.463183+01	52	Fernanda Santos - 2024139	3		7	1
159	2026-02-01 22:18:10.463183+01	27	Fernanda Santos - 2024114	3		7	1
160	2026-02-01 22:18:10.463183+01	23	Fernanda Santos - 2024110	3		7	1
161	2026-02-01 22:18:10.463183+01	85	Fernanda Souza - 2024172	3		7	1
162	2026-02-01 22:18:10.463183+01	61	Fernanda Souza - 2024148	3		7	1
163	2026-02-01 22:18:10.463183+01	49	Fernanda Souza - 2024136	3		7	1
164	2026-02-01 22:18:10.463183+01	43	Fernanda Souza - 2024130	3		7	1
165	2026-02-01 22:18:10.463183+01	42	Fernanda Souza - 2024129	3		7	1
166	2026-02-01 22:18:10.463183+01	81	Gabriel Oliveira - 2024168	3		7	1
167	2026-02-01 22:18:10.463183+01	94	Gabriel Santos - 2024181	3		7	1
168	2026-02-01 22:18:10.463183+01	32	Gabriel Souza - 2024119	3		7	1
169	2026-02-01 22:18:10.463183+01	13	Gabriel Souza - 2024100	3		7	1
170	2026-02-01 22:18:10.463183+01	76	Helena Oliveira - 2024163	3		7	1
171	2026-02-01 22:18:10.463183+01	62	Helena Oliveira - 2024149	3		7	1
172	2026-02-01 22:18:10.463183+01	18	Helena Pereira - 2024105	3		7	1
173	2026-02-01 22:18:10.464198+01	47	Helena Santos - 2024134	3		7	1
174	2026-02-01 22:18:10.464198+01	95	Helena Souza - 2024182	3		7	1
175	2026-02-01 22:18:10.464198+01	92	Helena Souza - 2024179	3		7	1
176	2026-02-01 22:18:10.464198+01	90	Helena Souza - 2024177	3		7	1
177	2026-02-01 22:18:10.464198+01	78	Helena Souza - 2024165	3		7	1
178	2026-02-01 22:18:10.464198+01	89	Igor Oliveira - 2024176	3		7	1
179	2026-02-01 22:18:10.464198+01	75	Igor Pereira - 2024162	3		7	1
180	2026-02-01 22:18:10.464198+01	51	Igor Pereira - 2024138	3		7	1
181	2026-02-01 22:18:10.464198+01	41	Igor Pereira - 2024128	3		7	1
182	2026-02-01 22:18:10.464198+01	105	Igor Santos - 2024192	3		7	1
183	2026-02-01 22:18:10.464198+01	59	Igor Santos - 2024146	3		7	1
184	2026-02-01 22:18:10.464198+01	102	Igor Silva - 2024189	3		7	1
185	2026-02-01 22:18:10.464198+01	44	Igor Souza - 2024131	3		7	1
186	2026-02-01 22:18:10.464198+01	119	Ines Jobino - 2024205	3		7	1
187	2026-02-01 22:18:10.464198+01	104	Joana Oliveira - 2024191	3		7	1
188	2026-02-01 22:18:10.464198+01	93	Joana Oliveira - 2024180	3		7	1
189	2026-02-01 22:18:10.464198+01	111	Joana Pereira - 2024198	3		7	1
190	2026-02-01 22:18:10.464198+01	80	Joana Pereira - 2024167	3		7	1
191	2026-02-01 22:18:10.464198+01	39	Joana Pereira - 2024126	3		7	1
192	2026-02-01 22:18:10.464198+01	38	Joana Pereira - 2024125	3		7	1
193	2026-02-01 22:18:10.464198+01	31	Joana Pereira - 2024118	3		7	1
194	2026-02-01 22:18:10.464198+01	21	Joana Pereira - 2024108	3		7	1
195	2026-02-01 22:18:10.464198+01	16	Joana Pereira - 2024103	3		7	1
196	2026-02-01 22:18:10.464198+01	103	Joana Santos - 2024190	3		7	1
197	2026-02-01 22:18:10.464198+01	96	Joana Santos - 2024183	3		7	1
198	2026-02-01 22:18:10.464198+01	25	Joana Silva - 2024112	3		7	1
199	2026-02-01 22:18:10.464198+01	74	Joana Souza - 2024161	3		7	1
200	2026-02-01 22:18:10.464198+01	118	José Almeida - 2024204	3		7	1
201	2026-02-01 22:18:10.464198+01	120	Manuela Lisboa - 2024206	3		7	1
202	2026-02-02 10:56:01.73096+01	2	Ana dias	3		15	1
203	2026-02-02 10:56:01.73096+01	1	Farncisco luis Fernado	3		15	1
204	2026-02-02 10:56:01.73096+01	7	Palmira Lisboa	3		15	1
205	2026-02-02 10:56:01.731997+01	3	Paulo Dias	3		15	1
206	2026-02-02 21:40:06.894459+01	11	Matrícula 11 - Aguinaldo Victoriano José Arnaldo	2	[{"changed": {"fields": ["Data de Nascimento", "Prov\\u00edncia de Resid\\u00eancia"]}}]	33	1
207	2026-02-02 21:46:55.395038+01	164	INS20260001 - Aguinaldo Victoriano José Arnaldo	2	[{"changed": {"fields": ["Provincia", "Municipio"]}}]	38	1
208	2026-02-06 23:53:44.007494+01	123	Aguinaldo Victoriano José Arnaldo - 20260001	2	[{"changed": {"fields": ["Estado"]}}, {"changed": {"name": "Matr\\u00edcula", "object": "Matr\\u00edcula 11 - Aguinaldo Victoriano Jos\\u00e9 Arnaldo", "fields": ["Estado"]}}]	7	1
209	2026-02-06 23:54:33.823002+01	123	Aguinaldo Victoriano José Arnaldo - 20260001	2	[{"changed": {"fields": ["Estado"]}}]	7	1
210	2026-02-06 23:55:35.178456+01	124	Manuela Lisboa - 20260002	2	[{"changed": {"fields": ["Estado"]}}, {"changed": {"name": "Matr\\u00edcula", "object": "Matr\\u00edcula 12 - Manuela Lisboa", "fields": ["Estado"]}}]	7	1
211	2026-02-06 23:55:44.452128+01	124	Manuela Lisboa - 20260002	2	[{"changed": {"fields": ["Estado"]}}]	7	1
212	2026-02-09 01:07:20.648519+01	126	Ines Jobino - 20260003	2	[{"changed": {"fields": ["Estado"]}}, {"changed": {"name": "Matr\\u00edcula", "object": "Matr\\u00edcula 13 - Ines Jobino", "fields": ["Estado"]}}]	7	1
213	2026-02-09 03:21:31.447984+01	126	Ines Jobino - 20260003	2	[{"changed": {"fields": ["Estado"]}}]	7	1
214	2026-02-12 01:16:34.318298+01	25	1IN10M27	2	[{"changed": {"fields": ["Capacidade de Alunos"]}}]	30	1
215	2026-02-14 11:23:54.334608+01	14	Matrícula 14 - Aguinaldo Victoriano José Arnaldo	3		33	1
216	2026-02-14 16:58:25.077739+01	3	2027 (Inactivo)	3		40	1
217	2026-02-14 23:57:20.63366+01	4	manuelalisboa207@gmail.com	2	[{"changed": {"fields": ["User permissions"]}}]	4	1
218	2026-02-15 16:19:41.507287+01	3	test_new_user@example.com	3		4	1
219	2026-02-16 00:58:53.765942+01	154	Gabriel Pedro Aurelio - 20260007	2	[{"changed": {"fields": ["Turma"]}}]	7	1
220	2026-02-16 00:59:53.577864+01	154	Gabriel Pedro Aurelio - 20260007	3		7	1
221	2026-02-16 01:01:29.70392+01	168	INS20260005 - Gabriel Pedro Aurelio	3		38	1
222	2026-02-20 00:07:04.08122+01	15	Sala 12	3		13	1
\.


--
-- Data for Name: django_content_type; Type: TABLE DATA; Schema: public; Owner: postgres
--

COPY public.django_content_type (id, app_label, model) FROM stdin;
1	admin	logentry
2	auth	permission
3	auth	group
4	auth	user
5	contenttypes	contenttype
6	sessions	session
7	apis	aluno
8	apis	areaformacao
9	apis	cargo
10	apis	categoria
11	apis	classe
12	apis	inscricao
13	apis	sala
14	apis	tipodisciplina
15	apis	encarregado
16	apis	fatura
17	apis	funcionario
18	apis	documento
19	apis	disciplina
20	apis	departamento
21	apis	curso
22	apis	cargofuncionario
23	apis	historico
24	apis	historicologin
25	apis	livro
26	apis	pagamento
27	apis	periodo
28	apis	seccao
29	apis	solicitacaodocumento
30	apis	turma
31	apis	professordisciplina
32	apis	nota
33	apis	matricula
34	apis	faltaaluno
35	apis	disciplinacurso
36	apis	alunoencarregado
37	apis	rupecandidato
38	apis	candidato
39	apis	exameadmissao
40	apis	anolectivo
41	apis	historicoescolar
42	apis	listaespera
43	apis	configuracao
44	apis	notificacao
45	apis	usuario
46	apis	vagacurso
\.


--
-- Data for Name: django_migrations; Type: TABLE DATA; Schema: public; Owner: postgres
--

COPY public.django_migrations (id, app, name, applied) FROM stdin;
1	contenttypes	0001_initial	2026-01-11 14:58:22.234355+01
2	auth	0001_initial	2026-01-11 14:58:22.51623+01
3	admin	0001_initial	2026-01-11 14:58:22.788098+01
4	admin	0002_logentry_remove_auto_add	2026-01-11 14:58:22.808279+01
5	admin	0003_logentry_add_action_flag_choices	2026-01-11 14:58:22.830789+01
6	apis	0001_initial	2026-01-11 14:58:34.618979+01
7	apis	0002_alter_livro_caminho_arquivo	2026-01-11 14:58:34.759084+01
8	apis	0003_alter_sala_img_path	2026-01-11 14:58:34.813877+01
9	contenttypes	0002_remove_content_type_name	2026-01-11 14:58:38.518165+01
10	auth	0002_alter_permission_name_max_length	2026-01-11 14:58:38.543421+01
11	auth	0003_alter_user_email_max_length	2026-01-11 14:58:38.567346+01
12	auth	0004_alter_user_username_opts	2026-01-11 14:58:38.590864+01
13	auth	0005_alter_user_last_login_null	2026-01-11 14:58:38.621022+01
14	auth	0006_require_contenttypes_0002	2026-01-11 14:58:38.62253+01
15	auth	0007_alter_validators_add_error_messages	2026-01-11 14:58:38.649399+01
16	auth	0008_alter_user_username_max_length	2026-01-11 14:58:38.692019+01
17	auth	0009_alter_user_last_name_max_length	2026-01-11 14:58:38.721306+01
18	auth	0010_alter_group_name_max_length	2026-01-11 14:58:38.744952+01
19	auth	0011_update_proxy_permissions	2026-01-11 14:58:38.828619+01
20	auth	0012_alter_user_first_name_max_length	2026-01-11 14:58:38.858284+01
21	sessions	0001_initial	2026-01-11 14:58:38.890014+01
22	apis	0002_alter_curso_duracao_meses_candidato_exameadmissao_and_more	2026-01-17 15:28:24.008388+01
23	apis	0003_candidato_certificado_candidato_comprovativo_bi_and_more	2026-01-17 16:11:52.129121+01
24	apis	0004_alter_curso_duracao_meses	2026-01-17 17:04:43.992784+01
25	apis	0005_merge_20260118_1050	2026-01-18 10:54:01.782511+01
26	apis	0006_remove_curso_duracao_meses_and_more	2026-01-18 10:57:12.65335+01
27	apis	0007_remove_curso_duracao_meses_and_more	2026-01-18 11:51:48.810119+01
28	apis	0008_anolectivo	2026-01-19 03:43:18.020987+01
29	apis	0009_aluno_data_nascimento	2026-01-20 08:44:45.039362+01
30	apis	0010_turma_status	2026-01-20 20:37:42.271177+01
31	apis	0011_alter_turma_status	2026-01-20 21:02:37.139315+01
32	apis	0012_alter_turma_id_curso	2026-01-20 23:57:00.227911+01
33	apis	0013_candidato_ano_lectivo_fatura_ano_lectivo_and_more	2026-01-23 01:32:16.562189+01
34	apis	0014_candidato_email_encarregado_and_more	2026-01-24 23:41:26.128351+01
35	apis	0015_funcionario_permissoes_adicionais	2026-01-25 10:41:15.671329+01
36	apis	0016_listaespera	2026-01-25 10:54:57.619549+01
37	apis	0017_candidato_deficiencia	2026-01-25 22:18:11.175302+01
38	apis	0018_candidato_naturalidade	2026-01-25 22:31:52.400543+01
39	apis	0019_candidato_tipo_escola	2026-01-25 22:57:06.508712+01
40	apis	0020_candidato_profissao_encarregado_and_more	2026-01-25 23:09:11.728801+01
41	apis	0021_configuracao	2026-01-26 23:09:12.9629+01
42	apis	0022_notificacao	2026-01-26 23:55:17.611466+01
43	apis	0023_alter_aluno_numero_bi	2026-01-27 00:25:02.742755+01
44	apis	0024_usuario_funcionario_usuario	2026-01-27 22:52:23.539388+01
45	apis	0025_usuario_cargo	2026-01-27 23:27:02.362367+01
46	apis	0026_usuario_user	2026-01-27 23:51:37.586025+01
47	apis	0027_usuario_img_path	2026-01-28 00:40:45.262127+01
48	apis	0028_historico_id_usuario_historicologin_id_usuario	2026-01-28 00:41:44.704404+01
49	apis	0029_usuario_is_online	2026-01-28 00:45:20.909706+01
50	apis	0030_alter_aluno_id_turma_and_more	2026-01-28 09:28:45.247362+01
51	apis	0031_alter_disciplina_id_coordenador_and_more	2026-01-28 09:31:17.656239+01
52	apis	0032_alter_livro_id_categoria_alter_livro_id_responsavel	2026-01-28 09:32:24.841486+01
53	apis	0033_alter_candidato_turno_preferencial	2026-01-29 09:16:18.413284+01
54	apis	0034_aluno_data_emissao_bi_aluno_deficiencia_and_more	2026-01-30 00:17:59.561655+01
55	apis	0035_remove_aluno_data_emissao_bi_and_more	2026-01-31 09:59:05.856561+01
56	apis	0036_alter_matricula_id_aluno	2026-01-31 09:59:06.002252+01
57	apis	0037_alter_matricula_id_aluno	2026-01-31 10:00:31.719219+01
58	apis	0038_matricula_doc_bi_matricula_doc_certificado_and_more	2026-01-31 10:12:33.482538+01
59	apis	0039_remove_matricula_comprovativo_and_more	2026-01-31 10:28:49.220426+01
60	apis	0040_aluno_deficiencia_aluno_nacionalidade_and_more	2026-02-02 21:15:15.291926+01
61	apis	0041_aluno_naturalidade_encarregado_numero_bi_and_more	2026-02-02 21:16:37.348449+01
62	apis	0042_candidato_municipio_candidato_provincia_and_more	2026-02-02 21:38:19.019876+01
63	apis	0043_configuracao_logo_configuracao_nome_escola_and_more	2026-02-04 08:14:08.637194+01
64	apis	0044_alter_aluno_status_aluno_alter_matricula_status	2026-02-04 08:44:19.462167+01
65	apis	0045_alter_candidato_status	2026-02-04 09:08:16.07146+01
66	apis	0046_turma_capacidade_alter_aluno_status_aluno	2026-02-12 00:53:30.44874+01
67	apis	0047_alter_turma_capacidade	2026-02-12 00:53:34.51633+01
68	apis	0048_fatura_data_emissao_referencia_and_more	2026-02-14 11:35:14.469738+01
69	apis	0049_remove_unused_models	2026-02-15 10:28:57.390944+01
70	apis	0050_configuracao_data_fim_candidatura_and_more	2026-02-16 22:24:15.272406+01
71	apis	0051_anolectivo_status	2026-02-19 23:16:07.0241+01
72	apis	0052_alter_curso_nome_curso_alter_sala_numero_sala	2026-02-20 00:10:51.053531+01
73	apis	0053_anolectivo_data_exame_admissao_and_more	2026-02-21 21:43:37.307224+01
74	apis	0054_anolectivo_fecho_automatico_inscricoes_and_more	2026-02-21 22:34:16.727518+01
75	apis	0055_curso_vagas	2026-02-22 00:20:52.7027+01
76	apis	0056_vagacurso	2026-02-22 00:47:41.264726+01
77	apis	0057_vagacurso_status	2026-02-22 13:01:06.560487+01
78	apis	0058_alter_matricula_status	2026-02-22 13:19:02.720563+01
79	apis	0059_remove_curso_vagas	2026-02-22 13:40:05.122287+01
80	apis	0060_remove_vagacurso_status	2026-02-22 13:43:08.772004+01
81	apis	0061_alter_historico_tipo_accao	2026-02-22 14:54:32.08914+01
82	apis	0062_alter_rupecandidato_options_and_more	2026-02-23 01:28:44.814999+01
83	apis	0063_matricula_numero_inscricao_alter_candidato_status	2026-02-23 02:43:56.419281+01
\.


--
-- Data for Name: django_session; Type: TABLE DATA; Schema: public; Owner: postgres
--

COPY public.django_session (session_key, session_data, expire_date) FROM stdin;
xml3yqko0v81gimw3oon8m587ry380kh	.eJxVjEEOwiAQRe_C2pAylAIu3XsGMjCDVA0kpV0Z765NutDtf-_9lwi4rSVsnZcwkzgLJU6_W8T04LoDumO9NZlaXZc5yl2RB-3y2oifl8P9OyjYy7fWCbQh5bWlkf2EmTjBBM4q632ErMAMJgMOCpx2bDE5MNZpoFFHz1a8P8feNvI:1vew39:bwB06uclxyGGuXCfKchJIGU0xptKSeXOrBak56N5yiM	2026-01-25 15:04:11.872952+01
r1b62m8zzyehe2klzllihi3kahuj7bbj	.eJxVjMEOwiAQRP-FsyELZQt49O43EFhWqRpISnsy_rtt0oPeJvPezFuEuC4lrJ3nMGVxFkqcfrsU6cl1B_kR671JanWZpyR3RR60y2vL_Loc7t9Bib1s60S3DFoDaQNICdSW0VhCIOOHCGwZ0Cp0BtGNnpUiQ8xDtN6Rw1F8vsFnNtE:1vh4e9:ABwZCjmrYvyLg8OWE-gbn248oE80p2UgBjnzTiE5FI0	2026-01-31 12:39:13.713128+01
1772mrujfxl7omqkaqcvrf5fedqvii4e	.eJxVjMEOwiAQRP-FsyELZQt49O43EFhWqRpISnsy_rtt0oPeJvPezFuEuC4lrJ3nMGVxFkqcfrsU6cl1B_kR671JanWZpyR3RR60y2vL_Loc7t9Bib1s60S3DFoDaQNICdSW0VhCIOOHCGwZ0Cp0BtGNnpUiQ8xDtN6Rw1F8vsFnNtE:1vk71P:gIXUBDS8cFvM90GHwmK63X4aippWPGUsg0hXMjJ7wB4	2026-02-08 21:47:47.617533+01
7kgl4szwv9zd9ap6ymjx7v0t6jafnjxb	.eJxVjEsOwjAMBe-SNYqS4KYxS_Y9Q2U7LimgVOpnhbg7VOoCtm9m3sv0tK2l3xad-zGbi_Hm9LsxyUPrDvKd6m2yMtV1Htnuij3oYrsp6_N6uH8HhZbyrRskpwQCbkBEx4PncJYErfiGOWILTmGIkJMPPjCCasIYg6QQc5bWvD_YZjeD:1vl2Wc:joQ_uqfTVF-ZzFov63wn3om2UdoiV_90YwI1Xb1kk88	2026-02-11 11:11:50.359665+01
pd3pvb9pzkr2fnri7d60v6wuiethtqkh	.eJxVjEsOwjAMBe-SNYqS4KYxS_Y9Q2U7LimgVOpnhbg7VOoCtm9m3sv0tK2l3xad-zGbi_Hm9LsxyUPrDvKd6m2yMtV1Htnuij3oYrsp6_N6uH8HhZbyrRskpwQCbkBEx4PncJYErfiGOWILTmGIkJMPPjCCasIYg6QQc5bWvD_YZjeD:1vl4lQ:GxpJCfFEKrrj5AXHsHcGKol4JZniWwMhuce3osv6M24	2026-02-11 13:35:16.350356+01
u2km15upwh97f4dpvxwap1ygyomyt49i	.eJxVjEsOwjAMBe-SNYqS4KYxS_Y9Q2U7LimgVOpnhbg7VOoCtm9m3sv0tK2l3xad-zGbi_Hm9LsxyUPrDvKd6m2yMtV1Htnuij3oYrsp6_N6uH8HhZbyrRskpwQCbkBEx4PncJYErfiGOWILTmGIkJMPPjCCasIYg6QQc5bWvD_YZjeD:1vmzzq:KnuKnLHFb6H20MSRmPL6RSUeMAeEc8YYbKqCSNXPOKo	2026-02-16 20:54:06.872476+01
puakirqrgnpr950ab49sw1ineik45a7r	.eJxVjDsOwjAQBe_iGln-x6Gkzxms3bWNA8iW4qRC3J1ESgHtm5n3ZgG2tYStpyXMkV2ZZJffDYGeqR4gPqDeG6dW12VGfij8pJ1PLabX7XT_Dgr0stc4kgWrBq2i0wg2aztaG032klJyxoASSgiMKNBjElIO5IHIuT3T2bHPF-FbN-s:1vrdsZ:tBeMyR1vCbEwFXBrvIXO_bwv3MllRzBKPMuiXHsREF0	2026-03-01 16:17:47.176489+01
yc57sczmg8rp6cu9ryppperjdoj5v5yf	.eJxVjDsOwjAQBe_iGln-x6Gkzxms3bWNA8iW4qRC3J1ESgHtm5n3ZgG2tYStpyXMkV2ZZJffDYGeqR4gPqDeG6dW12VGfij8pJ1PLabX7XT_Dgr0stc4kgWrBq2i0wg2aztaG032klJyxoASSgiMKNBjElIO5IHIuT3T2bHPF-FbN-s:1vrioH:kARnBHyCt1-_e6y1Ns5eVI-s_vuzT2CsJ4aB11DFtiw	2026-03-01 21:33:41.65516+01
bq6usy9lnhlwa0xgl7zarucz49i2goon	.eJxVjDsOwjAQBe_iGln-x6Gkzxms3bWNA8iW4qRC3J1ESgHtm5n3ZgG2tYStpyXMkV2ZZJffDYGeqR4gPqDeG6dW12VGfij8pJ1PLabX7XT_Dgr0stc4kgWrBq2i0wg2aztaG032klJyxoASSgiMKNBjElIO5IHIuT3T2bHPF-FbN-s:1vrlw8:vgk7w_tx0LmWpBTELOaWBkzJRzARFK13N83BDeQ8QPo	2026-03-02 00:54:00.390427+01
do2s5oeb6y8ikec65ttdczraqpfd9vli	.eJxVjDsOwjAQBe_iGln-x6Gkzxms3bWNA8iW4qRC3J1ESgHtm5n3ZgG2tYStpyXMkV2ZZJffDYGeqR4gPqDeG6dW12VGfij8pJ1PLabX7XT_Dgr0stc4kgWrBq2i0wg2aztaG032klJyxoASSgiMKNBjElIO5IHIuT3T2bHPF-FbN-s:1vtBB7:m4U1-5q_vegrKbrGnFutk48dIfX8MEGNRzQcvRz1UF0	2026-03-05 22:03:17.882798+01
ye5xykev8emwi7awuqcfgk3ang5k3r49	.eJxVjDsOwjAQBe_iGln-x6Gkzxms3bWNA8iW4qRC3J1ESgHtm5n3ZgG2tYStpyXMkV2ZZJffDYGeqR4gPqDeG6dW12VGfij8pJ1PLabX7XT_Dgr0stc4kgWrBq2i0wg2aztaG032klJyxoASSgiMKNBjElIO5IHIuT3T2bHPF-FbN-s:1vtNSz:rbW38L9H3jT6gnPFWTu_1APeA1sVoykdKiISeyiFxmo	2026-03-06 11:10:33.714541+01
36jbts2xtf6kyjvcm20fgusujklortr6	.eJxVjDsOwjAQBe_iGln-x6Gkzxms3bWNA8iW4qRC3J1ESgHtm5n3ZgG2tYStpyXMkV2ZZJffDYGeqR4gPqDeG6dW12VGfij8pJ1PLabX7XT_Dgr0stc4kgWrBq2i0wg2aztaG032klJyxoASSgiMKNBjElIO5IHIuT3T2bHPF-FbN-s:1vtwlE:vOrZLl6rB488TV5FoS_uJsOGUSlkk7cuL3ceNXXzjls	2026-03-08 00:51:44.566349+01
8ekr14bq8m497u6kok9rebfiay4bt1va	.eJxVjDsOwjAQBe_iGln-x6Gkzxms3bWNA8iW4qRC3J1ESgHtm5n3ZgG2tYStpyXMkV2ZZJffDYGeqR4gPqDeG6dW12VGfij8pJ1PLabX7XT_Dgr0stc4kgWrBq2i0wg2aztaG032klJyxoASSgiMKNBjElIO5IHIuT3T2bHPF-FbN-s:1vtwlE:vOrZLl6rB488TV5FoS_uJsOGUSlkk7cuL3ceNXXzjls	2026-03-08 00:51:44.584134+01
f715h9ss9c370vw7kezj5iypmdh05sc0	.eJxVjDsOwjAQBe_iGln-x6Gkzxms3bWNA8iW4qRC3J1ESgHtm5n3ZgG2tYStpyXMkV2ZZJffDYGeqR4gPqDeG6dW12VGfij8pJ1PLabX7XT_Dgr0stc4kgWrBq2i0wg2aztaG032klJyxoASSgiMKNBjElIO5IHIuT3T2bHPF-FbN-s:1vuIoL:4R-WZAuuWDHAHabjX8JiDjqOqcFpHYKSvWmHmDH-p2o	2026-03-09 00:24:25.129994+01
569gikdap3ds7ri0btn9muwse282i6hw	.eJxVjDsOwjAQBe_iGln-x6Gkzxms3bWNA8iW4qRC3J1ESgHtm5n3ZgG2tYStpyXMkV2ZZJffDYGeqR4gPqDeG6dW12VGfij8pJ1PLabX7XT_Dgr0stc4kgWrBq2i0wg2aztaG032klJyxoASSgiMKNBjElIO5IHIuT3T2bHPF-FbN-s:1vuUEc:J80AWC1xsCJG-_kmzCTgWM51wedoR8HxacbdYen_47s	2026-03-09 12:36:18.451922+01
\.


--
-- Data for Name: encarregado; Type: TABLE DATA; Schema: public; Owner: postgres
--

COPY public.encarregado (criado_em, atualizado_em, id_encarregado, nome_completo, email, telefone, provincia_residencia, municipio_residencia, bairro_residencia, numero_casa, senha_hash, img_path, is_online, numero_bi, profissao) FROM stdin;
2026-02-02 21:20:21.076285+01	2026-02-02 21:20:21.076285+01	12	Farncisco luis Fernado	\N	["922116023"]	\N	\N	\N	\N	pbkdf2_sha256$1000000$yo7Z2HveeKW7df6jDcmDPR$L7i2zp/jp/L9cgrejwJ3Memj6RpY3/cLLoYjCdcGzj8=		f	007865134UE040	Engenheiro
2026-02-02 22:52:32.713066+01	2026-02-02 22:52:32.713066+01	13	Arnaldo Jose	\N	["927567980"]	\N	\N	\N	\N	pbkdf2_sha256$1000000$poKhMWTuzfdqRiEJm6896m$QM2OVEPmAMewJRCDnIeGZB+wiuYd9iW/bza38neLtTI=		f	0888324234BG090	Engenheiro
2026-02-07 14:38:39.360296+01	2026-02-07 14:38:39.360807+01	15	Aguinaldo Arnaldo	\N	["953613957"]	\N	\N	\N	\N	pbkdf2_sha256$1000000$zGnOMaGDbQJLFudVzXUwiS$GuzXHaweYtohy4rOGUhsz3AWkzyIF6CkN3Ewstew56k=		f	007865134UE040	Engenheiro
2026-02-14 12:47:42.941704+01	2026-02-14 12:47:42.941704+01	19	Rodrigo Manuel João	\N	["987065434"]	\N	\N	\N	\N	pbkdf2_sha256$1000000$rvB2CII7RiQffvPmOauwRX$qx16kERVXkxuqmZfYJ1Xw9LSMgDQ2Y7rr9X3qY2FqWw=		f	0973447LU090	Polícia
2026-02-14 19:50:44.984519+01	2026-02-14 19:50:44.984519+01	22	Aguinaldo Arnaldo	\N	["946464376"]	\N	\N	\N	\N	pbkdf2_sha256$1000000$Cfbf5QPwZrqSoeLcEbTjuM$Ic1s6eMDSqyJfNwlPBoH9lETEAWHPFnHJ66XGH461gU=		f	007865134UE040	Engenheiro
2026-02-14 19:58:00.862807+01	2026-02-14 19:58:00.862807+01	23	Alfredo Jose	\N	["908876505"]	\N	\N	\N	\N	pbkdf2_sha256$1000000$p0F0Qho9vlsCsRGjnJSocd$OU8xUQYKiInaYJQSAUEVVsokszP/KwUsA9+H0CX/b+8=		f	09099900LA090	professor
2026-02-23 02:05:48.603769+01	2026-02-23 02:49:49.116973+01	27	Guilherme	\N	["90879564"]	\N	\N	\N	\N	pbkdf2_sha256$1000000$7KkmquDhbqc9qpRvM52oTe$kj45ODjbA2mp6x0gNBw6lxbExoePphNmy7BEa/b513s=		f	09897867678AL989	professor
2026-02-23 13:27:51.48487+01	2026-02-23 13:27:51.48487+01	28	fernado Manuel	\N	["943345632,943345639"]	\N	\N	\N	\N	pbkdf2_sha256$1000000$n3DUU7RX4XJ11AJdDCcgyI$VcvaW4US6FhCavRk487p8/ilX6+DUZZ4sIBE4WcysNs=		f		
2026-02-19 13:55:25.398742+01	2026-02-25 00:35:59.443259+01	24	Maria Jose	\N	["928273617"]	\N	\N	\N	\N	pbkdf2_sha256$1000000$r89O31XfGVkUuOeVT2CMuU$Sv8kW6ziEkUSDVc8wbawde9JyXbJZTgBUm68Y3TaD4o=		f	0990883343UE980	Advogada
2026-02-20 12:17:18.835956+01	2026-02-26 22:43:28.314255+01	26	fernado Manuel	\N	["943345632", "943345639"]	\N	\N	\N	\N	pbkdf2_sha256$1000000$3X5gjSUwu2NprpLn2PdCap$P7MTeLKbx1VhIRdRLIkfHTEctYmuMCxzPgWRFdKmOPc=		f	090898798Ld234	Engenheiro
\.


--
-- Data for Name: exame_admissao; Type: TABLE DATA; Schema: public; Owner: postgres
--

COPY public.exame_admissao (criado_em, atualizado_em, id_exame, data_exame, nota, realizado, candidato_id, sala_id) FROM stdin;
2026-02-02 10:59:06.67483+01	2026-02-02 21:46:08.000012+01	12	2026-02-09 10:59:06.670974+01	17.00	t	164	1
2026-02-02 22:51:26.823855+01	2026-02-02 22:51:46.058359+01	13	2026-02-09 22:51:26.81713+01	19.00	t	165	1
2026-02-07 13:51:21.915327+01	2026-02-07 14:37:14.117861+01	14	2026-02-14 13:51:21.878107+01	16.00	t	166	1
2026-02-14 12:02:20.416057+01	2026-02-14 18:59:41.099276+01	15	2026-02-21 12:02:20.413198+01	16.00	t	167	1
2026-02-16 11:03:45.482713+01	2026-02-16 11:04:07.424729+01	17	2026-02-23 11:03:45.44315+01	19.00	t	169	1
2026-02-16 22:37:36.371232+01	2026-02-16 22:37:36.371232+01	18	2026-02-23 22:37:36.366622+01	\N	f	170	1
2026-02-16 23:34:33.355195+01	2026-02-16 23:34:33.355195+01	19	2026-02-23 23:34:33.350072+01	\N	f	171	1
2026-02-19 13:37:07.918246+01	2026-02-19 13:44:26.459783+01	20	2026-02-26 13:37:07.884857+01	12.00	t	172	1
2026-02-23 01:58:37.595771+01	2026-02-23 02:05:17.128319+01	21	2026-03-02 01:58:37.591325+01	15.00	t	174	1
2026-02-23 02:12:25.364427+01	2026-02-23 02:12:25.364427+01	22	2026-03-02 02:12:25.359218+01	\N	f	175	1
2026-02-25 13:05:09.577065+01	2026-02-25 13:05:09.577065+01	23	2026-03-04 13:05:09.577065+01	\N	f	176	1
\.


--
-- Data for Name: falta_aluno; Type: TABLE DATA; Schema: public; Owner: postgres
--

COPY public.falta_aluno (id_falta, data_falta, justificada, observacao, id_aluno_id, id_disciplina_id, id_turma_id) FROM stdin;
\.


--
-- Data for Name: fatura; Type: TABLE DATA; Schema: public; Owner: postgres
--

COPY public.fatura (criado_em, atualizado_em, id_fatura, descricao, total, status, data_vencimento, data_pagamento, id_aluno_id, ano_lectivo_id, data_emissao_referencia, referencia_expirada, referencia_pagamento) FROM stdin;
\.


--
-- Data for Name: funcionario; Type: TABLE DATA; Schema: public; Owner: postgres
--

COPY public.funcionario (criado_em, atualizado_em, id_funcionario, numero_bi, codigo_identificacao, nome_completo, genero, email, telefone, provincia_residencia, municipio_residencia, bairro_residencia, senha_hash, status_funcionario, descricao, data_admissao, is_online, img_path, id_cargo_id, permissoes_adicionais, usuario_id) FROM stdin;
2026-01-17 22:44:24.795792+01	2026-01-28 00:05:16.56639+01	3	\N	ADM001	Administrador do Sistema	\N	admin@school.com	\N	\N	\N	\N	pbkdf2_sha256$1000000$WYXMoy9JaSycQrfsU0TrsF$xKwzqoPtuFbQYDl0lQnKHln/1Hh14Wf6aiT5ZxU7iJw=	Activo	\N	\N	t		8	[]	1
2026-01-11 15:30:16.377123+01	2026-01-28 10:21:17.838086+01	1	werwerw	000	Aguinaldo Arnaldo Victoriano José Arnaldo	M	arnaldoarnaldoarmando@gmail.com	946464376	Icole & Bengo	Kifangondo	Vidrul	pbkdf2_sha256$1000000$1I5wbb6Qb5OkU1D9CRYDap$4CZOjm7IvK7j1Fn4z/uib61eLCGhId1Z108ea1droZ8=	Activo	directo	2026-01-22	t	image/funcionario/images/IMG_E9029.JPG	1	["NO_ACCESS"]	2
2026-01-24 23:27:54.910521+01	2026-01-28 10:21:17.875833+01	4	090809787LA090	FUNC20261997	Ines Jobino	\N	inesjobino@gmail.com	93243244	\N	\N	\N	pbkdf2_sha256$1000000$fNxMP7cMt3SfzCjKQFn1qM$oeM1QBhH/NM8r3WMUT67yiZyc0BlVrAPy6lGa1jReSQ=	Activo		\N	t		3	["NO_ACCESS"]	3
2026-01-17 13:19:44.528881+01	2026-01-28 10:21:17.880582+01	2	\N	PROF_V2	Prof. Sebastião Manuel V2	\N	professor_demo_v2@escola.ao	\N	\N	\N	\N	pbkdf2_sha256$1000000$nyo2t3qt3WVZtYAgjsTZO3$IJWrQJSTgcgbIq0ZCySaPqTkaHn5TZl5qh7sJ9hhh/o=	Activo	\N	\N	f		2	["NO_ACCESS"]	4
\.


--
-- Data for Name: historico; Type: TABLE DATA; Schema: public; Owner: postgres
--

COPY public.historico (id_historico, tipo_accao, dados_anteriores, dados_novos, data_hora, id_aluno_id, id_funcionario_id, id_usuario_id) FROM stdin;
1	Teste Manual	\N	\N	2026-02-22 14:57:44.802437+01	\N	\N	\N
2	Criou Turma: 12GE11M34	\N	{"ano": "2033/2034", "status": "Ativa", "id_sala": "Sala 12", "id_curso": "Gestão Empresaria", "id_classe": "11ª Classe", "capacidade": "50", "id_periodo": "Manhã", "ano_lectivo": "2033/2034 (Activo)"}	2026-02-22 14:59:50.389261+01	\N	\N	1
3	Criou Sala: Sala 14	\N	{"bloco": "A", "numero_sala": "14", "capacidade_alunos": "50"}	2026-02-22 22:09:23.633751+01	\N	\N	1
4	Actualizou VagaCurso: Informática - 2033/2034 (290 vagas)	\N	{"vagas": "290"}	2026-02-22 22:11:19.031156+01	\N	\N	1
5	Criou Candidato: INS20260009 - 17 Aguinaldo Arnaldo	\N	{"email": "aguinaldoarnal@gmail.com", "genero": "M", "telefone": "976564718", "municipio": "palanca", "numero_bi": "0908765689UI903", "provincia": "Caxito", "foto_passe": "Currículo Profissional Administração Corporativo Tradicional Preto_20251014_202918_0000.png", "residencia": "vila", "certificado": "Programa_Formacao_Python.pdf", "media_final": "15.00", "tipo_escola": "Privada", "naturalidade": "Luanda", "ano_conclusao": "2026", "nacionalidade": "Angolana", "nome_completo": "17 Aguinaldo Arnaldo", "comprovativo_bi": "funcionalidades_sistema_matriculas.pdf", "data_nascimento": "2009-07-09", "municipio_escola": "cacuco", "nome_encarregado": "17 Aguinaldo", "email_encarregado": "armando4@gmail.com", "curso_segunda_opcao": "Informática", "escola_proveniencia": "Lua doce", "curso_primeira_opcao": "Informática", "telefone_encarregado": "908798767", "numero_bi_encarregado": "09897867678UI989", "profissao_encarregado": "professor", "parentesco_encarregado": "Pai", "residencia_encarregado": "vila", "telefone_alternativo_encarregado": "908798363"}	2026-02-23 01:42:15.468683+01	\N	\N	\N
6	Criou VagaCurso: Informática - 2026/2027 (0 vagas)	\N	{"vagas": "0", "id_curso": "Informática", "ano_lectivo": "2026/2027 (Activo)"}	2026-02-23 01:51:19.053823+01	\N	\N	1
7	Actualizou VagaCurso: Informática - 2026/2027 (8698 vagas)	\N	{"vagas": "8698"}	2026-02-23 01:51:32.786792+01	\N	\N	1
8	Criou Candidato: INS20260010 - Andelaide Aguinaldo	\N	{"email": "adelaide09@gmail.com", "genero": "F", "telefone": "976564709", "municipio": "palanca", "numero_bi": "0908765689LA9897", "provincia": "Caxito", "foto_passe": "WhatsApp Image 2025-10-27 at 12.30.34.jpeg", "residencia": "vila", "certificado": "Curriculo_Aguinaldo_Victoriano_Jose_Arnaldo.pdf", "media_final": "14.00", "naturalidade": "Luanda", "ano_conclusao": "2026", "nacionalidade": "Angolana", "nome_completo": "Andelaide Aguinaldo", "comprovativo_bi": "funcionalidades_sistema_matriculas.pdf", "data_nascimento": "2005-11-11", "municipio_escola": "cacuco", "nome_encarregado": "Guilherme", "email_encarregado": "guilherme@gmail.com", "curso_segunda_opcao": "Informatica de gestão", "escola_proveniencia": "Rua amarga", "curso_primeira_opcao": "Informática", "telefone_encarregado": "90879564", "numero_bi_encarregado": "09897867678AL989", "profissao_encarregado": "professor", "parentesco_encarregado": "Irmão(ã)", "residencia_encarregado": "vila", "telefone_alternativo_encarregado": "908798786"}	2026-02-23 01:52:36.173014+01	\N	\N	\N
9	Actualizou Candidato: INS20260010 - Andelaide Aguinaldo	\N	\N	2026-02-23 02:05:17.563349+01	\N	\N	1
10	Actualizou AnoLectivo: 2033/2034 (Activo)	\N	{"activo": "True"}	2026-02-23 02:08:44.166916+01	\N	\N	1
11	Criou Candidato: INS20260011 - Arnaldo Jpse	\N	{"email": "agia4@gmail.com", "genero": "M", "telefone": "9012345678", "municipio": "palanca", "numero_bi": "0908765689UI9087", "provincia": "Caxito", "foto_passe": "ObjectDiagram34.jpg", "residencia": "vila", "certificado": "Programa_Formacao_Python.pdf", "media_final": "12.00", "naturalidade": "Luanda", "ano_conclusao": "2024", "nacionalidade": "Angolana", "nome_completo": "Arnaldo Jpse", "comprovativo_bi": "Questionario_Requisitos_Matricula_Instituto_Mayombe.pdf", "data_nascimento": "2026-02-06", "municipio_escola": "cacuco", "nome_encarregado": "fdfadsfafsd", "email_encarregado": "2e132@gmail.com", "curso_segunda_opcao": "Informatica de gestão", "escola_proveniencia": "dasgvfdg", "curso_primeira_opcao": "Informática", "telefone_encarregado": "908798123", "numero_bi_encarregado": "09897867678UI879", "profissao_encarregado": "professor", "parentesco_encarregado": "Mãe", "residencia_encarregado": "vila", "telefone_alternativo_encarregado": "908798231"}	2026-02-23 02:11:32.054875+01	\N	\N	\N
12	Criou Turma: 5CO11T34	\N	{"ano": "2033/2034", "status": "Ativa", "id_sala": "Sala 5", "id_curso": "Contabilidade", "id_classe": "11ª Classe", "capacidade": "40", "id_periodo": "Tarde", "ano_lectivo": "2033/2034 (Activo)"}	2026-02-23 03:01:58.910014+01	\N	\N	1
13	Actualizou Matricula: Matrícula 42 - Andelaide Aguinaldo	\N	{"status": "Concluida"}	2026-02-23 10:06:33.479234+01	\N	\N	1
14	Actualizou Matricula: Matrícula 42 - Andelaide Aguinaldo	\N	{"status": "Ativa"}	2026-02-23 10:06:50.863584+01	\N	\N	1
15	Actualizou Matricula: Matrícula 42 - Andelaide Aguinaldo	\N	{"status": "Transferido"}	2026-02-23 10:06:58.949928+01	\N	\N	1
16	Actualizou Matricula: Matrícula 42 - Andelaide Aguinaldo	\N	{"status": "Ativa"}	2026-02-23 10:07:17.695503+01	\N	\N	1
17	Actualizou Aluno: Andelaide Aguinaldo - 20260010	\N	{"status_aluno": "Inativo"}	2026-02-23 12:29:56.014214+01	\N	\N	1
18	Actualizou Aluno: Andelaide Aguinaldo - 20260010	\N	{"status_aluno": "Activo"}	2026-02-23 12:35:18.570766+01	\N	\N	1
19	Actualizou Aluno: Andelaide Aguinaldo - 20260010	\N	{"status_aluno": "Inativo"}	2026-02-23 12:49:23.033359+01	\N	\N	1
20	Actualizou Aluno: Andelaide Aguinaldo - 20260010	\N	{"status_aluno": "Activo"}	2026-02-23 12:50:37.350645+01	\N	\N	1
21	Actualizou Aluno: Andelaide Aguinaldo - 20260010	\N	{"status_aluno": "Inativo"}	2026-02-23 12:51:08.818621+01	\N	\N	1
22	Actualizou Aluno: Andelaide Aguinaldo - 20260010	\N	{"status_aluno": "Activo"}	2026-02-23 12:51:23.954493+01	\N	\N	1
23	Actualizou Aluno: Andelaide Aguinaldo - 20260010	\N	{"status_aluno": "Transferido"}	2026-02-23 12:53:04.830586+01	\N	\N	1
24	Actualizou Aluno: Andelaide Aguinaldo - 20260010	\N	{"status_aluno": "Activo"}	2026-02-23 12:53:11.119386+01	\N	\N	1
25	Actualizou VagaCurso: Gestão Empresaria - 2033/2034 (5388 vagas)	\N	{"vagas": "5388"}	2026-02-23 13:54:12.629854+01	\N	\N	1
26	Actualizou Aluno: Andelaide Aguinaldo - 20260010	\N	{"status_aluno": "Activo"}	2026-02-25 00:05:09.103093+01	\N	\N	1
27	Actualizou Sala: Sala 19	\N	{"bloco": "B", "numero_sala": "19", "capacidade_alunos": "51"}	2026-02-25 03:39:17.575624+01	\N	\N	1
28	Criou Candidato: INS20260012 - Manuela Lisboa	\N	{"email": "manuela@gmail.com", "genero": "F", "telefone": "908765676", "municipio": "Sequele", "numero_bi": "09890965BG090", "provincia": "Icolo-Bengo", "foto_passe": "Captura de ecrã 2026-01-31 020150.png", "residencia": "Vidrul", "certificado": "Questionario_Requisitos_Matricula_Instituto_Mayombe.pdf", "media_final": "16.00", "naturalidade": "Bungo", "ano_conclusao": "2024", "nacionalidade": "Angolana", "nome_completo": "Manuela Lisboa", "comprovativo_bi": "Programa_Formacao_Python.pdf", "data_nascimento": "2007-12-12", "municipio_escola": "Cacuaco", "nome_encarregado": "Palmira Lisboa", "email_encarregado": "palmira@gmail.com", "curso_segunda_opcao": "Informática", "escola_proveniencia": "saber voa", "curso_primeira_opcao": "Gestão Empresaria", "telefone_encarregado": "923098984", "numero_bi_encarregado": "0098978678BG980", "profissao_encarregado": "Policia", "parentesco_encarregado": "Mãe", "residencia_encarregado": "sepa", "telefone_alternativo_encarregado": "956784152"}	2026-02-25 13:03:10.223058+01	\N	\N	\N
29	Actualizou Configuracao: Configuração Global Do Sistema	\N	{"nome_escola": "Sistema de Gestão"}	2026-02-26 09:57:03.121595+01	\N	\N	1
\.


--
-- Data for Name: historico_escolar; Type: TABLE DATA; Schema: public; Owner: postgres
--

COPY public.historico_escolar (id_historico, escola_origem, ano_lectivo, classe, turma_origem, numero_processo_origem, media_final, observacoes, documento, criado_em, aluno_id) FROM stdin;
1	Movelider	2026	10ª	\N	\N	19.00			2026-02-20 12:17:21.695239+01	158
\.


--
-- Data for Name: historico_login; Type: TABLE DATA; Schema: public; Owner: postgres
--

COPY public.historico_login (id_historico_login, ip_usuario, dispositivo, navegador, hora_entrada, hora_saida, id_aluno_id, id_encarregado_id, id_funcionario_id, id_usuario_id) FROM stdin;
1	127.0.0.1	Mozilla/5.0 (Windows NT 10.0; Win64; x64) AppleWebKit/537.36 (KHTML, like Gecko) Chrome/143.0.0.0 Safari/537.36	Mozilla/5.0 (Windows NT 10.0; Win64; x64) AppleWebKit/537.36 (KHTML, like Gecko) Chrome/143.0.0.0 Safari/537.36	2026-01-17 22:45:30.556261+01	\N	\N	\N	3	\N
2	127.0.0.1	Mozilla/5.0 (Windows NT 10.0; Win64; x64) AppleWebKit/537.36 (KHTML, like Gecko) Chrome/143.0.0.0 Safari/537.36	Mozilla/5.0 (Windows NT 10.0; Win64; x64) AppleWebKit/537.36 (KHTML, like Gecko) Chrome/143.0.0.0 Safari/537.36	2026-01-17 23:58:34.745985+01	\N	\N	\N	3	\N
3	127.0.0.1	Mozilla/5.0 (Windows NT 10.0; Win64; x64) AppleWebKit/537.36 (KHTML, like Gecko) Chrome/143.0.0.0 Safari/537.36	Mozilla/5.0 (Windows NT 10.0; Win64; x64) AppleWebKit/537.36 (KHTML, like Gecko) Chrome/143.0.0.0 Safari/537.36	2026-01-18 00:11:41.182012+01	\N	\N	\N	3	\N
4	127.0.0.1	Mozilla/5.0 (Windows NT 10.0; Win64; x64) AppleWebKit/537.36 (KHTML, like Gecko) Chrome/143.0.0.0 Safari/537.36	Mozilla/5.0 (Windows NT 10.0; Win64; x64) AppleWebKit/537.36 (KHTML, like Gecko) Chrome/143.0.0.0 Safari/537.36	2026-01-18 11:04:40.109604+01	\N	\N	\N	3	\N
5	127.0.0.1	Mozilla/5.0 (Windows NT 10.0; Win64; x64) AppleWebKit/537.36 (KHTML, like Gecko) Chrome/143.0.0.0 Safari/537.36	Mozilla/5.0 (Windows NT 10.0; Win64; x64) AppleWebKit/537.36 (KHTML, like Gecko) Chrome/143.0.0.0 Safari/537.36	2026-01-18 12:32:39.855793+01	\N	\N	\N	3	\N
6	127.0.0.1	Mozilla/5.0 (Windows NT 10.0; Win64; x64) AppleWebKit/537.36 (KHTML, like Gecko) Chrome/143.0.0.0 Safari/537.36	Mozilla/5.0 (Windows NT 10.0; Win64; x64) AppleWebKit/537.36 (KHTML, like Gecko) Chrome/143.0.0.0 Safari/537.36	2026-01-18 12:33:06.906825+01	\N	\N	\N	3	\N
7	127.0.0.1	Mozilla/5.0 (Windows NT 10.0; Win64; x64) AppleWebKit/537.36 (KHTML, like Gecko) Chrome/143.0.0.0 Safari/537.36	Mozilla/5.0 (Windows NT 10.0; Win64; x64) AppleWebKit/537.36 (KHTML, like Gecko) Chrome/143.0.0.0 Safari/537.36	2026-01-18 12:34:05.497322+01	\N	\N	\N	3	\N
8	127.0.0.1	Mozilla/5.0 (Windows NT 10.0; Win64; x64) AppleWebKit/537.36 (KHTML, like Gecko) Chrome/143.0.0.0 Safari/537.36	Mozilla/5.0 (Windows NT 10.0; Win64; x64) AppleWebKit/537.36 (KHTML, like Gecko) Chrome/143.0.0.0 Safari/537.36	2026-01-19 02:14:45.336376+01	\N	\N	\N	3	\N
9	127.0.0.1	Mozilla/5.0 (Windows NT 10.0; Win64; x64) AppleWebKit/537.36 (KHTML, like Gecko) Chrome/143.0.0.0 Safari/537.36	Mozilla/5.0 (Windows NT 10.0; Win64; x64) AppleWebKit/537.36 (KHTML, like Gecko) Chrome/143.0.0.0 Safari/537.36	2026-01-19 02:14:59.951623+01	\N	\N	\N	3	\N
10	127.0.0.1	Mozilla/5.0 (Windows NT 10.0; Win64; x64) AppleWebKit/537.36 (KHTML, like Gecko) Chrome/143.0.0.0 Safari/537.36	Mozilla/5.0 (Windows NT 10.0; Win64; x64) AppleWebKit/537.36 (KHTML, like Gecko) Chrome/143.0.0.0 Safari/537.36	2026-01-19 15:22:52.20532+01	\N	\N	\N	3	\N
11	127.0.0.1	Mozilla/5.0 (Windows NT 10.0; Win64; x64) AppleWebKit/537.36 (KHTML, like Gecko) Chrome/143.0.0.0 Safari/537.36	Mozilla/5.0 (Windows NT 10.0; Win64; x64) AppleWebKit/537.36 (KHTML, like Gecko) Chrome/143.0.0.0 Safari/537.36	2026-01-19 15:24:07.589737+01	\N	\N	\N	3	\N
12	127.0.0.1	Mozilla/5.0 (Windows NT 10.0; Win64; x64) AppleWebKit/537.36 (KHTML, like Gecko) Chrome/143.0.0.0 Safari/537.36	Mozilla/5.0 (Windows NT 10.0; Win64; x64) AppleWebKit/537.36 (KHTML, like Gecko) Chrome/143.0.0.0 Safari/537.36	2026-01-19 15:25:38.788984+01	\N	\N	\N	3	\N
13	127.0.0.1	Mozilla/5.0 (Windows NT 10.0; Win64; x64) AppleWebKit/537.36 (KHTML, like Gecko) Chrome/143.0.0.0 Safari/537.36	Mozilla/5.0 (Windows NT 10.0; Win64; x64) AppleWebKit/537.36 (KHTML, like Gecko) Chrome/143.0.0.0 Safari/537.36	2026-01-19 15:30:00.482891+01	\N	\N	\N	3	\N
14	127.0.0.1	Mozilla/5.0 (Windows NT 10.0; Win64; x64) AppleWebKit/537.36 (KHTML, like Gecko) Chrome/143.0.0.0 Safari/537.36	Mozilla/5.0 (Windows NT 10.0; Win64; x64) AppleWebKit/537.36 (KHTML, like Gecko) Chrome/143.0.0.0 Safari/537.36	2026-01-19 16:02:35.812617+01	\N	\N	\N	3	\N
15	127.0.0.1	Mozilla/5.0 (Windows NT 10.0; Win64; x64) AppleWebKit/537.36 (KHTML, like Gecko) Chrome/143.0.0.0 Safari/537.36	Mozilla/5.0 (Windows NT 10.0; Win64; x64) AppleWebKit/537.36 (KHTML, like Gecko) Chrome/143.0.0.0 Safari/537.36	2026-01-20 06:57:11.884819+01	\N	\N	\N	3	\N
16	127.0.0.1	Mozilla/5.0 (Windows NT 10.0; Win64; x64) AppleWebKit/537.36 (KHTML, like Gecko) Chrome/143.0.0.0 Safari/537.36	Mozilla/5.0 (Windows NT 10.0; Win64; x64) AppleWebKit/537.36 (KHTML, like Gecko) Chrome/143.0.0.0 Safari/537.36	2026-01-20 07:02:20.370484+01	\N	\N	\N	3	\N
17	127.0.0.1	Mozilla/5.0 (Windows NT 10.0; Win64; x64) AppleWebKit/537.36 (KHTML, like Gecko) Chrome/144.0.0.0 Safari/537.36 Edg/144.0.0.0	Mozilla/5.0 (Windows NT 10.0; Win64; x64) AppleWebKit/537.36 (KHTML, like Gecko) Chrome/144.0.0.0 Safari/537.36 Edg/144.0.0.0	2026-01-20 07:42:29.776669+01	\N	\N	\N	3	\N
18	127.0.0.1	Mozilla/5.0 (Windows NT 10.0; Win64; x64) AppleWebKit/537.36 (KHTML, like Gecko) Chrome/143.0.0.0 Safari/537.36	Mozilla/5.0 (Windows NT 10.0; Win64; x64) AppleWebKit/537.36 (KHTML, like Gecko) Chrome/143.0.0.0 Safari/537.36	2026-01-20 07:44:03.01028+01	\N	\N	\N	3	\N
19	127.0.0.1	Mozilla/5.0 (Windows NT 10.0; Win64; x64) AppleWebKit/537.36 (KHTML, like Gecko) Chrome/143.0.0.0 Safari/537.36	Mozilla/5.0 (Windows NT 10.0; Win64; x64) AppleWebKit/537.36 (KHTML, like Gecko) Chrome/143.0.0.0 Safari/537.36	2026-01-20 07:48:15.61407+01	\N	\N	\N	3	\N
20	127.0.0.1	Mozilla/5.0 (Windows NT 10.0; Win64; x64) AppleWebKit/537.36 (KHTML, like Gecko) Chrome/143.0.0.0 Safari/537.36	Mozilla/5.0 (Windows NT 10.0; Win64; x64) AppleWebKit/537.36 (KHTML, like Gecko) Chrome/143.0.0.0 Safari/537.36	2026-01-20 07:53:52.563371+01	\N	\N	\N	3	\N
21	127.0.0.1	Mozilla/5.0 (Windows NT 10.0; Win64; x64) AppleWebKit/537.36 (KHTML, like Gecko) Chrome/143.0.0.0 Safari/537.36	Mozilla/5.0 (Windows NT 10.0; Win64; x64) AppleWebKit/537.36 (KHTML, like Gecko) Chrome/143.0.0.0 Safari/537.36	2026-01-20 07:54:12.672061+01	\N	\N	\N	3	\N
22	127.0.0.1	Mozilla/5.0 (Windows NT 10.0; Win64; x64) AppleWebKit/537.36 (KHTML, like Gecko) Chrome/143.0.0.0 Safari/537.36	Mozilla/5.0 (Windows NT 10.0; Win64; x64) AppleWebKit/537.36 (KHTML, like Gecko) Chrome/143.0.0.0 Safari/537.36	2026-01-20 08:12:08.44739+01	\N	\N	\N	3	\N
23	127.0.0.1	Mozilla/5.0 (Windows NT 10.0; Win64; x64) AppleWebKit/537.36 (KHTML, like Gecko) Chrome/143.0.0.0 Safari/537.36	Mozilla/5.0 (Windows NT 10.0; Win64; x64) AppleWebKit/537.36 (KHTML, like Gecko) Chrome/143.0.0.0 Safari/537.36	2026-01-20 08:16:41.599093+01	\N	\N	\N	3	\N
24	127.0.0.1	Mozilla/5.0 (Windows NT 10.0; Win64; x64) AppleWebKit/537.36 (KHTML, like Gecko) Chrome/143.0.0.0 Safari/537.36	Mozilla/5.0 (Windows NT 10.0; Win64; x64) AppleWebKit/537.36 (KHTML, like Gecko) Chrome/143.0.0.0 Safari/537.36	2026-01-20 08:54:55.677496+01	\N	\N	\N	3	\N
25	127.0.0.1	Mozilla/5.0 (Windows NT 10.0; Win64; x64) AppleWebKit/537.36 (KHTML, like Gecko) Chrome/143.0.0.0 Safari/537.36	Mozilla/5.0 (Windows NT 10.0; Win64; x64) AppleWebKit/537.36 (KHTML, like Gecko) Chrome/143.0.0.0 Safari/537.36	2026-01-20 10:29:04.30364+01	\N	\N	\N	3	\N
26	127.0.0.1	Mozilla/5.0 (Windows NT 10.0; Win64; x64) AppleWebKit/537.36 (KHTML, like Gecko) Chrome/143.0.0.0 Safari/537.36	Mozilla/5.0 (Windows NT 10.0; Win64; x64) AppleWebKit/537.36 (KHTML, like Gecko) Chrome/143.0.0.0 Safari/537.36	2026-01-20 12:44:42.776826+01	\N	\N	\N	3	\N
27	127.0.0.1	Mozilla/5.0 (Windows NT 10.0; Win64; x64) AppleWebKit/537.36 (KHTML, like Gecko) Chrome/143.0.0.0 Safari/537.36	Mozilla/5.0 (Windows NT 10.0; Win64; x64) AppleWebKit/537.36 (KHTML, like Gecko) Chrome/143.0.0.0 Safari/537.36	2026-01-20 17:33:19.337046+01	\N	\N	\N	3	\N
28	127.0.0.1	Mozilla/5.0 (Windows NT 10.0; Win64; x64) AppleWebKit/537.36 (KHTML, like Gecko) Chrome/143.0.0.0 Safari/537.36	Mozilla/5.0 (Windows NT 10.0; Win64; x64) AppleWebKit/537.36 (KHTML, like Gecko) Chrome/143.0.0.0 Safari/537.36	2026-01-20 17:34:41.687633+01	\N	\N	\N	3	\N
29	127.0.0.1	Mozilla/5.0 (Windows NT 10.0; Win64; x64) AppleWebKit/537.36 (KHTML, like Gecko) Chrome/143.0.0.0 Safari/537.36	Mozilla/5.0 (Windows NT 10.0; Win64; x64) AppleWebKit/537.36 (KHTML, like Gecko) Chrome/143.0.0.0 Safari/537.36	2026-01-21 00:07:54.90677+01	\N	\N	\N	3	\N
30	127.0.0.1	Mozilla/5.0 (Windows NT 10.0; Win64; x64) AppleWebKit/537.36 (KHTML, like Gecko) Chrome/144.0.0.0 Safari/537.36	Mozilla/5.0 (Windows NT 10.0; Win64; x64) AppleWebKit/537.36 (KHTML, like Gecko) Chrome/144.0.0.0 Safari/537.36	2026-01-23 00:55:10.172054+01	\N	\N	\N	3	\N
31	127.0.0.1	Mozilla/5.0 (Windows NT 10.0; Win64; x64) AppleWebKit/537.36 (KHTML, like Gecko) Chrome/144.0.0.0 Safari/537.36	Mozilla/5.0 (Windows NT 10.0; Win64; x64) AppleWebKit/537.36 (KHTML, like Gecko) Chrome/144.0.0.0 Safari/537.36	2026-01-23 10:53:01.941462+01	\N	\N	\N	3	\N
32	127.0.0.1	Mozilla/5.0 (Windows NT 10.0; Win64; x64) AppleWebKit/537.36 (KHTML, like Gecko) Chrome/144.0.0.0 Safari/537.36	Mozilla/5.0 (Windows NT 10.0; Win64; x64) AppleWebKit/537.36 (KHTML, like Gecko) Chrome/144.0.0.0 Safari/537.36	2026-01-24 10:53:56.048225+01	\N	\N	\N	3	\N
33	127.0.0.1	Mozilla/5.0 (Windows NT 10.0; Win64; x64) AppleWebKit/537.36 (KHTML, like Gecko) Chrome/144.0.0.0 Safari/537.36	Mozilla/5.0 (Windows NT 10.0; Win64; x64) AppleWebKit/537.36 (KHTML, like Gecko) Chrome/144.0.0.0 Safari/537.36	2026-01-24 13:29:56.142739+01	\N	\N	\N	3	\N
34	127.0.0.1	Mozilla/5.0 (Windows NT 10.0; Win64; x64) AppleWebKit/537.36 (KHTML, like Gecko) Chrome/144.0.0.0 Safari/537.36	Mozilla/5.0 (Windows NT 10.0; Win64; x64) AppleWebKit/537.36 (KHTML, like Gecko) Chrome/144.0.0.0 Safari/537.36	2026-01-24 19:27:38.600292+01	\N	\N	\N	3	\N
35	127.0.0.1	Mozilla/5.0 (Windows NT 10.0; Win64; x64) AppleWebKit/537.36 (KHTML, like Gecko) Chrome/144.0.0.0 Safari/537.36	Mozilla/5.0 (Windows NT 10.0; Win64; x64) AppleWebKit/537.36 (KHTML, like Gecko) Chrome/144.0.0.0 Safari/537.36	2026-01-24 23:25:11.908317+01	\N	\N	\N	3	\N
36	127.0.0.1	Mozilla/5.0 (Windows NT 10.0; Win64; x64) AppleWebKit/537.36 (KHTML, like Gecko) Chrome/144.0.0.0 Safari/537.36	Mozilla/5.0 (Windows NT 10.0; Win64; x64) AppleWebKit/537.36 (KHTML, like Gecko) Chrome/144.0.0.0 Safari/537.36	2026-01-24 23:28:39.566256+01	\N	\N	\N	4	\N
37	127.0.0.1	Mozilla/5.0 (Windows NT 10.0; Win64; x64) AppleWebKit/537.36 (KHTML, like Gecko) Chrome/144.0.0.0 Safari/537.36	Mozilla/5.0 (Windows NT 10.0; Win64; x64) AppleWebKit/537.36 (KHTML, like Gecko) Chrome/144.0.0.0 Safari/537.36	2026-01-25 10:15:27.557194+01	\N	\N	\N	3	\N
38	127.0.0.1	Mozilla/5.0 (Windows NT 10.0; Win64; x64) AppleWebKit/537.36 (KHTML, like Gecko) Chrome/144.0.0.0 Safari/537.36	Mozilla/5.0 (Windows NT 10.0; Win64; x64) AppleWebKit/537.36 (KHTML, like Gecko) Chrome/144.0.0.0 Safari/537.36	2026-01-25 10:25:06.694242+01	\N	\N	\N	3	\N
39	127.0.0.1	Mozilla/5.0 (Windows NT 10.0; Win64; x64) AppleWebKit/537.36 (KHTML, like Gecko) Chrome/144.0.0.0 Safari/537.36	Mozilla/5.0 (Windows NT 10.0; Win64; x64) AppleWebKit/537.36 (KHTML, like Gecko) Chrome/144.0.0.0 Safari/537.36	2026-01-25 10:42:06.949746+01	\N	\N	\N	3	\N
40	127.0.0.1	Mozilla/5.0 (Windows NT; Windows NT 10.0; en-US) WindowsPowerShell/5.1.26100.7462	Mozilla/5.0 (Windows NT; Windows NT 10.0; en-US) WindowsPowerShell/5.1.26100.7462	2026-01-25 20:35:05.001009+01	\N	\N	\N	3	\N
41	127.0.0.1	Mozilla/5.0 (Windows NT 10.0; Win64; x64) AppleWebKit/537.36 (KHTML, like Gecko) Chrome/144.0.0.0 Safari/537.36	Mozilla/5.0 (Windows NT 10.0; Win64; x64) AppleWebKit/537.36 (KHTML, like Gecko) Chrome/144.0.0.0 Safari/537.36	2026-01-25 20:38:08.448529+01	\N	\N	\N	3	\N
42	127.0.0.1	Mozilla/5.0 (Windows NT 10.0; Win64; x64) AppleWebKit/537.36 (KHTML, like Gecko) Chrome/144.0.0.0 Safari/537.36	Mozilla/5.0 (Windows NT 10.0; Win64; x64) AppleWebKit/537.36 (KHTML, like Gecko) Chrome/144.0.0.0 Safari/537.36	2026-01-25 20:51:21.480799+01	\N	\N	\N	3	\N
43	127.0.0.1	Mozilla/5.0 (Windows NT 10.0; Win64; x64) AppleWebKit/537.36 (KHTML, like Gecko) Chrome/144.0.0.0 Safari/537.36	Mozilla/5.0 (Windows NT 10.0; Win64; x64) AppleWebKit/537.36 (KHTML, like Gecko) Chrome/144.0.0.0 Safari/537.36	2026-01-25 20:58:13.161257+01	\N	\N	\N	3	\N
44	127.0.0.1	Mozilla/5.0 (Windows NT 10.0; Win64; x64) AppleWebKit/537.36 (KHTML, like Gecko) Chrome/144.0.0.0 Safari/537.36	Mozilla/5.0 (Windows NT 10.0; Win64; x64) AppleWebKit/537.36 (KHTML, like Gecko) Chrome/144.0.0.0 Safari/537.36	2026-01-25 21:08:34.236197+01	\N	\N	\N	3	\N
45	127.0.0.1	Mozilla/5.0 (Windows NT 10.0; Win64; x64) AppleWebKit/537.36 (KHTML, like Gecko) Chrome/144.0.0.0 Safari/537.36	Mozilla/5.0 (Windows NT 10.0; Win64; x64) AppleWebKit/537.36 (KHTML, like Gecko) Chrome/144.0.0.0 Safari/537.36	2026-01-25 21:11:06.869181+01	\N	\N	\N	3	\N
46	127.0.0.1	Mozilla/5.0 (Windows NT 10.0; Win64; x64) AppleWebKit/537.36 (KHTML, like Gecko) Chrome/144.0.0.0 Safari/537.36	Mozilla/5.0 (Windows NT 10.0; Win64; x64) AppleWebKit/537.36 (KHTML, like Gecko) Chrome/144.0.0.0 Safari/537.36	2026-01-25 21:28:08.482361+01	\N	\N	\N	4	\N
47	127.0.0.1	Mozilla/5.0 (Windows NT 10.0; Win64; x64) AppleWebKit/537.36 (KHTML, like Gecko) Chrome/144.0.0.0 Safari/537.36	Mozilla/5.0 (Windows NT 10.0; Win64; x64) AppleWebKit/537.36 (KHTML, like Gecko) Chrome/144.0.0.0 Safari/537.36	2026-01-25 21:37:29.412206+01	\N	\N	\N	3	\N
48	127.0.0.1	Mozilla/5.0 (Windows NT 10.0; Win64; x64) AppleWebKit/537.36 (KHTML, like Gecko) Chrome/144.0.0.0 Safari/537.36	Mozilla/5.0 (Windows NT 10.0; Win64; x64) AppleWebKit/537.36 (KHTML, like Gecko) Chrome/144.0.0.0 Safari/537.36	2026-01-25 21:44:16.166688+01	\N	\N	\N	3	\N
49	127.0.0.1	Mozilla/5.0 (Windows NT 10.0; Win64; x64) AppleWebKit/537.36 (KHTML, like Gecko) Chrome/144.0.0.0 Safari/537.36	Mozilla/5.0 (Windows NT 10.0; Win64; x64) AppleWebKit/537.36 (KHTML, like Gecko) Chrome/144.0.0.0 Safari/537.36	2026-01-25 21:45:02.105263+01	\N	\N	\N	3	\N
50	127.0.0.1	Mozilla/5.0 (Windows NT 10.0; Win64; x64) AppleWebKit/537.36 (KHTML, like Gecko) Chrome/144.0.0.0 Safari/537.36	Mozilla/5.0 (Windows NT 10.0; Win64; x64) AppleWebKit/537.36 (KHTML, like Gecko) Chrome/144.0.0.0 Safari/537.36	2026-01-26 11:43:11.653525+01	\N	\N	\N	3	\N
51	127.0.0.1	Mozilla/5.0 (Windows NT 10.0; Win64; x64) AppleWebKit/537.36 (KHTML, like Gecko) Chrome/144.0.0.0 Safari/537.36	Mozilla/5.0 (Windows NT 10.0; Win64; x64) AppleWebKit/537.36 (KHTML, like Gecko) Chrome/144.0.0.0 Safari/537.36	2026-01-26 21:46:22.262193+01	\N	\N	\N	3	\N
52	127.0.0.1	Mozilla/5.0 (Windows NT 10.0; Win64; x64) AppleWebKit/537.36 (KHTML, like Gecko) Chrome/144.0.0.0 Safari/537.36 Edg/144.0.0.0	Mozilla/5.0 (Windows NT 10.0; Win64; x64) AppleWebKit/537.36 (KHTML, like Gecko) Chrome/144.0.0.0 Safari/537.36 Edg/144.0.0.0	2026-01-26 22:18:45.15602+01	\N	\N	\N	3	\N
53	127.0.0.1	Mozilla/5.0 (Windows NT 10.0; Win64; x64) AppleWebKit/537.36 (KHTML, like Gecko) Chrome/144.0.0.0 Safari/537.36	Mozilla/5.0 (Windows NT 10.0; Win64; x64) AppleWebKit/537.36 (KHTML, like Gecko) Chrome/144.0.0.0 Safari/537.36	2026-01-27 12:13:01.52369+01	\N	\N	\N	3	\N
54	127.0.0.1	Mozilla/5.0 (Windows NT 10.0; Win64; x64) AppleWebKit/537.36 (KHTML, like Gecko) Chrome/144.0.0.0 Safari/537.36	Mozilla/5.0 (Windows NT 10.0; Win64; x64) AppleWebKit/537.36 (KHTML, like Gecko) Chrome/144.0.0.0 Safari/537.36	2026-01-27 21:28:21.661494+01	\N	\N	\N	3	\N
55	127.0.0.1	Mozilla/5.0 (Windows NT 10.0; Win64; x64) AppleWebKit/537.36 (KHTML, like Gecko) Chrome/144.0.0.0 Safari/537.36	Mozilla/5.0 (Windows NT 10.0; Win64; x64) AppleWebKit/537.36 (KHTML, like Gecko) Chrome/144.0.0.0 Safari/537.36	2026-01-27 21:28:50.529055+01	\N	\N	\N	3	\N
56	127.0.0.1	Mozilla/5.0 (Windows NT 10.0; Win64; x64) AppleWebKit/537.36 (KHTML, like Gecko) Chrome/144.0.0.0 Safari/537.36	Mozilla/5.0 (Windows NT 10.0; Win64; x64) AppleWebKit/537.36 (KHTML, like Gecko) Chrome/144.0.0.0 Safari/537.36	2026-01-27 21:42:19.980013+01	\N	\N	\N	3	\N
57	127.0.0.1	Mozilla/5.0 (Windows NT 10.0; Win64; x64) AppleWebKit/537.36 (KHTML, like Gecko) Chrome/144.0.0.0 Safari/537.36	Mozilla/5.0 (Windows NT 10.0; Win64; x64) AppleWebKit/537.36 (KHTML, like Gecko) Chrome/144.0.0.0 Safari/537.36	2026-01-27 21:51:46.274752+01	\N	\N	\N	4	\N
58	127.0.0.1	Mozilla/5.0 (Windows NT 10.0; Win64; x64) AppleWebKit/537.36 (KHTML, like Gecko) Chrome/144.0.0.0 Safari/537.36	Mozilla/5.0 (Windows NT 10.0; Win64; x64) AppleWebKit/537.36 (KHTML, like Gecko) Chrome/144.0.0.0 Safari/537.36	2026-01-27 21:52:23.895089+01	\N	\N	\N	3	\N
59	127.0.0.1	Mozilla/5.0 (Windows NT 10.0; Win64; x64) AppleWebKit/537.36 (KHTML, like Gecko) Chrome/144.0.0.0 Safari/537.36	Mozilla/5.0 (Windows NT 10.0; Win64; x64) AppleWebKit/537.36 (KHTML, like Gecko) Chrome/144.0.0.0 Safari/537.36	2026-01-27 22:04:56.528864+01	\N	\N	\N	4	\N
60	127.0.0.1	Mozilla/5.0 (Windows NT 10.0; Win64; x64) AppleWebKit/537.36 (KHTML, like Gecko) Chrome/144.0.0.0 Safari/537.36	Mozilla/5.0 (Windows NT 10.0; Win64; x64) AppleWebKit/537.36 (KHTML, like Gecko) Chrome/144.0.0.0 Safari/537.36	2026-01-27 22:06:38.355719+01	\N	\N	\N	4	\N
61	127.0.0.1	Mozilla/5.0 (Windows NT 10.0; Win64; x64) AppleWebKit/537.36 (KHTML, like Gecko) Chrome/144.0.0.0 Safari/537.36	Mozilla/5.0 (Windows NT 10.0; Win64; x64) AppleWebKit/537.36 (KHTML, like Gecko) Chrome/144.0.0.0 Safari/537.36	2026-01-27 23:06:48.181946+01	\N	\N	\N	3	\N
62	127.0.0.1	Mozilla/5.0 (Windows NT 10.0; Win64; x64) AppleWebKit/537.36 (KHTML, like Gecko) Chrome/144.0.0.0 Safari/537.36	Mozilla/5.0 (Windows NT 10.0; Win64; x64) AppleWebKit/537.36 (KHTML, like Gecko) Chrome/144.0.0.0 Safari/537.36	2026-01-27 23:59:05.745544+01	\N	\N	\N	4	\N
63	127.0.0.1	Mozilla/5.0 (Windows NT 10.0; Win64; x64) AppleWebKit/537.36 (KHTML, like Gecko) Chrome/144.0.0.0 Safari/537.36	Mozilla/5.0 (Windows NT 10.0; Win64; x64) AppleWebKit/537.36 (KHTML, like Gecko) Chrome/144.0.0.0 Safari/537.36	2026-01-28 00:05:17.989216+01	\N	\N	\N	3	\N
64	127.0.0.1	Mozilla/5.0 (Windows NT 10.0; Win64; x64) AppleWebKit/537.36 (KHTML, like Gecko) Chrome/144.0.0.0 Safari/537.36	Mozilla/5.0 (Windows NT 10.0; Win64; x64) AppleWebKit/537.36 (KHTML, like Gecko) Chrome/144.0.0.0 Safari/537.36	2026-01-28 00:52:00.696585+01	\N	\N	\N	\N	5
65	127.0.0.1	Mozilla/5.0 (Windows NT 10.0; Win64; x64) AppleWebKit/537.36 (KHTML, like Gecko) Chrome/144.0.0.0 Safari/537.36	Mozilla/5.0 (Windows NT 10.0; Win64; x64) AppleWebKit/537.36 (KHTML, like Gecko) Chrome/144.0.0.0 Safari/537.36	2026-01-28 00:54:22.677515+01	\N	\N	\N	\N	6
66	127.0.0.1	Mozilla/5.0 (Windows NT 10.0; Win64; x64) AppleWebKit/537.36 (KHTML, like Gecko) Chrome/144.0.0.0 Safari/537.36	Mozilla/5.0 (Windows NT 10.0; Win64; x64) AppleWebKit/537.36 (KHTML, like Gecko) Chrome/144.0.0.0 Safari/537.36	2026-01-28 01:01:14.620171+01	\N	\N	\N	\N	6
67	127.0.0.1	Mozilla/5.0 (Windows NT 10.0; Win64; x64) AppleWebKit/537.36 (KHTML, like Gecko) Chrome/144.0.0.0 Safari/537.36	Mozilla/5.0 (Windows NT 10.0; Win64; x64) AppleWebKit/537.36 (KHTML, like Gecko) Chrome/144.0.0.0 Safari/537.36	2026-01-28 01:01:39.874625+01	\N	\N	\N	\N	6
68	127.0.0.1	Mozilla/5.0 (Windows NT 10.0; Win64; x64) AppleWebKit/537.36 (KHTML, like Gecko) Chrome/144.0.0.0 Safari/537.36	Mozilla/5.0 (Windows NT 10.0; Win64; x64) AppleWebKit/537.36 (KHTML, like Gecko) Chrome/144.0.0.0 Safari/537.36	2026-01-28 01:07:10.805307+01	\N	\N	\N	\N	6
69	127.0.0.1	Mozilla/5.0 (Windows NT 10.0; Win64; x64) AppleWebKit/537.36 (KHTML, like Gecko) Chrome/144.0.0.0 Safari/537.36	Mozilla/5.0 (Windows NT 10.0; Win64; x64) AppleWebKit/537.36 (KHTML, like Gecko) Chrome/144.0.0.0 Safari/537.36	2026-01-28 01:14:32.680583+01	\N	\N	\N	\N	5
70	127.0.0.1	Mozilla/5.0 (Windows NT 10.0; Win64; x64) AppleWebKit/537.36 (KHTML, like Gecko) Chrome/144.0.0.0 Safari/537.36	Mozilla/5.0 (Windows NT 10.0; Win64; x64) AppleWebKit/537.36 (KHTML, like Gecko) Chrome/144.0.0.0 Safari/537.36	2026-01-28 09:50:33.921906+01	\N	\N	\N	\N	8
71	127.0.0.1	Mozilla/5.0 (Windows NT 10.0; Win64; x64) AppleWebKit/537.36 (KHTML, like Gecko) Chrome/144.0.0.0 Safari/537.36	Mozilla/5.0 (Windows NT 10.0; Win64; x64) AppleWebKit/537.36 (KHTML, like Gecko) Chrome/144.0.0.0 Safari/537.36	2026-01-28 09:59:58.056632+01	\N	\N	\N	\N	6
72	127.0.0.1	Mozilla/5.0 (Windows NT 10.0; Win64; x64) AppleWebKit/537.36 (KHTML, like Gecko) Chrome/144.0.0.0 Safari/537.36	Mozilla/5.0 (Windows NT 10.0; Win64; x64) AppleWebKit/537.36 (KHTML, like Gecko) Chrome/144.0.0.0 Safari/537.36	2026-01-28 10:25:33.666023+01	\N	\N	\N	\N	8
73	127.0.0.1	Mozilla/5.0 (Windows NT 10.0; Win64; x64) AppleWebKit/537.36 (KHTML, like Gecko) Chrome/144.0.0.0 Safari/537.36	Mozilla/5.0 (Windows NT 10.0; Win64; x64) AppleWebKit/537.36 (KHTML, like Gecko) Chrome/144.0.0.0 Safari/537.36	2026-01-28 10:57:59.299124+01	\N	\N	\N	\N	8
74	127.0.0.1	Mozilla/5.0 (Windows NT 10.0; Win64; x64) AppleWebKit/537.36 (KHTML, like Gecko) Chrome/144.0.0.0 Safari/537.36	Mozilla/5.0 (Windows NT 10.0; Win64; x64) AppleWebKit/537.36 (KHTML, like Gecko) Chrome/144.0.0.0 Safari/537.36	2026-01-28 10:59:04.555507+01	\N	\N	\N	\N	8
75	127.0.0.1	Mozilla/5.0 (Windows NT 10.0; Win64; x64) AppleWebKit/537.36 (KHTML, like Gecko) Chrome/144.0.0.0 Safari/537.36	Mozilla/5.0 (Windows NT 10.0; Win64; x64) AppleWebKit/537.36 (KHTML, like Gecko) Chrome/144.0.0.0 Safari/537.36	2026-01-28 11:05:05.283942+01	\N	\N	\N	\N	6
76	127.0.0.1	Mozilla/5.0 (Windows NT 10.0; Win64; x64) AppleWebKit/537.36 (KHTML, like Gecko) Chrome/144.0.0.0 Safari/537.36	Mozilla/5.0 (Windows NT 10.0; Win64; x64) AppleWebKit/537.36 (KHTML, like Gecko) Chrome/144.0.0.0 Safari/537.36	2026-01-28 11:11:09.658064+01	\N	\N	\N	\N	8
77	127.0.0.1	Mozilla/5.0 (Windows NT 10.0; Win64; x64) AppleWebKit/537.36 (KHTML, like Gecko) Chrome/144.0.0.0 Safari/537.36	Mozilla/5.0 (Windows NT 10.0; Win64; x64) AppleWebKit/537.36 (KHTML, like Gecko) Chrome/144.0.0.0 Safari/537.36	2026-01-28 11:12:20.089972+01	\N	\N	\N	\N	6
78	127.0.0.1	Mozilla/5.0 (Windows NT 10.0; Win64; x64) AppleWebKit/537.36 (KHTML, like Gecko) Chrome/144.0.0.0 Safari/537.36	Mozilla/5.0 (Windows NT 10.0; Win64; x64) AppleWebKit/537.36 (KHTML, like Gecko) Chrome/144.0.0.0 Safari/537.36	2026-01-28 11:34:12.082983+01	\N	\N	\N	\N	8
79	127.0.0.1	Mozilla/5.0 (Windows NT 10.0; Win64; x64) AppleWebKit/537.36 (KHTML, like Gecko) Chrome/144.0.0.0 Safari/537.36 Edg/144.0.0.0	Mozilla/5.0 (Windows NT 10.0; Win64; x64) AppleWebKit/537.36 (KHTML, like Gecko) Chrome/144.0.0.0 Safari/537.36 Edg/144.0.0.0	2026-01-28 13:32:55.268159+01	\N	\N	\N	\N	6
80	127.0.0.1	Mozilla/5.0 (Windows NT 10.0; Win64; x64) AppleWebKit/537.36 (KHTML, like Gecko) Chrome/144.0.0.0 Safari/537.36	Mozilla/5.0 (Windows NT 10.0; Win64; x64) AppleWebKit/537.36 (KHTML, like Gecko) Chrome/144.0.0.0 Safari/537.36	2026-01-28 13:35:51.359312+01	\N	\N	\N	\N	8
81	127.0.0.1	Mozilla/5.0 (Windows NT 10.0; Win64; x64) AppleWebKit/537.36 (KHTML, like Gecko) Chrome/144.0.0.0 Safari/537.36	Mozilla/5.0 (Windows NT 10.0; Win64; x64) AppleWebKit/537.36 (KHTML, like Gecko) Chrome/144.0.0.0 Safari/537.36	2026-01-28 13:43:00.324151+01	\N	\N	\N	\N	6
82	127.0.0.1	Mozilla/5.0 (Windows NT 10.0; Win64; x64) AppleWebKit/537.36 (KHTML, like Gecko) Chrome/144.0.0.0 Safari/537.36	Mozilla/5.0 (Windows NT 10.0; Win64; x64) AppleWebKit/537.36 (KHTML, like Gecko) Chrome/144.0.0.0 Safari/537.36	2026-01-28 14:07:11.427797+01	\N	\N	\N	\N	6
83	127.0.0.1	Mozilla/5.0 (Windows NT 10.0; Win64; x64) AppleWebKit/537.36 (KHTML, like Gecko) Chrome/144.0.0.0 Safari/537.36	Mozilla/5.0 (Windows NT 10.0; Win64; x64) AppleWebKit/537.36 (KHTML, like Gecko) Chrome/144.0.0.0 Safari/537.36	2026-01-28 14:14:08.862851+01	\N	\N	\N	\N	6
84	127.0.0.1	Mozilla/5.0 (Windows NT 10.0; Win64; x64) AppleWebKit/537.36 (KHTML, like Gecko) Chrome/144.0.0.0 Safari/537.36	Mozilla/5.0 (Windows NT 10.0; Win64; x64) AppleWebKit/537.36 (KHTML, like Gecko) Chrome/144.0.0.0 Safari/537.36	2026-01-28 18:11:28.162178+01	\N	\N	\N	\N	6
85	127.0.0.1	Mozilla/5.0 (Windows NT 10.0; Win64; x64) AppleWebKit/537.36 (KHTML, like Gecko) Chrome/144.0.0.0 Safari/537.36	Mozilla/5.0 (Windows NT 10.0; Win64; x64) AppleWebKit/537.36 (KHTML, like Gecko) Chrome/144.0.0.0 Safari/537.36	2026-01-29 16:04:53.634686+01	\N	\N	\N	\N	6
86	127.0.0.1	Mozilla/5.0 (Windows NT 10.0; Win64; x64) AppleWebKit/537.36 (KHTML, like Gecko) Chrome/144.0.0.0 Safari/537.36	Mozilla/5.0 (Windows NT 10.0; Win64; x64) AppleWebKit/537.36 (KHTML, like Gecko) Chrome/144.0.0.0 Safari/537.36	2026-01-29 19:29:31.832831+01	\N	\N	\N	\N	6
87	127.0.0.1	Mozilla/5.0 (Windows NT 10.0; Win64; x64) AppleWebKit/537.36 (KHTML, like Gecko) Chrome/144.0.0.0 Safari/537.36	Mozilla/5.0 (Windows NT 10.0; Win64; x64) AppleWebKit/537.36 (KHTML, like Gecko) Chrome/144.0.0.0 Safari/537.36	2026-01-30 15:52:30.191824+01	\N	\N	\N	\N	6
88	127.0.0.1	Mozilla/5.0 (Windows NT 10.0; Win64; x64) AppleWebKit/537.36 (KHTML, like Gecko) Chrome/144.0.0.0 Safari/537.36	Mozilla/5.0 (Windows NT 10.0; Win64; x64) AppleWebKit/537.36 (KHTML, like Gecko) Chrome/144.0.0.0 Safari/537.36	2026-01-30 15:52:49.843673+01	\N	\N	\N	\N	6
89	127.0.0.1	Mozilla/5.0 (Windows NT 10.0; Win64; x64) AppleWebKit/537.36 (KHTML, like Gecko) Chrome/144.0.0.0 Safari/537.36	Mozilla/5.0 (Windows NT 10.0; Win64; x64) AppleWebKit/537.36 (KHTML, like Gecko) Chrome/144.0.0.0 Safari/537.36	2026-01-30 16:03:48.419763+01	\N	\N	\N	\N	8
90	127.0.0.1	Mozilla/5.0 (Windows NT 10.0; Win64; x64) AppleWebKit/537.36 (KHTML, like Gecko) Chrome/144.0.0.0 Safari/537.36	Mozilla/5.0 (Windows NT 10.0; Win64; x64) AppleWebKit/537.36 (KHTML, like Gecko) Chrome/144.0.0.0 Safari/537.36	2026-01-30 20:18:14.043519+01	\N	\N	\N	\N	6
91	127.0.0.1	Mozilla/5.0 (Windows NT 10.0; Win64; x64) AppleWebKit/537.36 (KHTML, like Gecko) Chrome/144.0.0.0 Safari/537.36	Mozilla/5.0 (Windows NT 10.0; Win64; x64) AppleWebKit/537.36 (KHTML, like Gecko) Chrome/144.0.0.0 Safari/537.36	2026-01-30 21:50:37.862705+01	\N	\N	\N	\N	6
92	127.0.0.1	Mozilla/5.0 (Windows NT 10.0; Win64; x64) AppleWebKit/537.36 (KHTML, like Gecko) Chrome/144.0.0.0 Safari/537.36	Mozilla/5.0 (Windows NT 10.0; Win64; x64) AppleWebKit/537.36 (KHTML, like Gecko) Chrome/144.0.0.0 Safari/537.36	2026-01-30 22:50:39.485858+01	\N	\N	\N	\N	6
93	127.0.0.1	Mozilla/5.0 (Windows NT 10.0; Win64; x64) AppleWebKit/537.36 (KHTML, like Gecko) Chrome/144.0.0.0 Safari/537.36	Mozilla/5.0 (Windows NT 10.0; Win64; x64) AppleWebKit/537.36 (KHTML, like Gecko) Chrome/144.0.0.0 Safari/537.36	2026-01-31 01:56:47.209067+01	\N	\N	\N	\N	6
94	127.0.0.1	python-requests/2.32.5	python-requests/2.32.5	2026-01-31 02:24:43.024128+01	\N	\N	\N	\N	6
95	127.0.0.1	python-requests/2.32.5	python-requests/2.32.5	2026-01-31 02:25:04.738646+01	\N	\N	\N	\N	6
96	127.0.0.1	python-requests/2.32.5	python-requests/2.32.5	2026-01-31 02:29:23.259022+01	\N	\N	\N	\N	6
97	127.0.0.1	Mozilla/5.0 (Windows NT 10.0; Win64; x64) AppleWebKit/537.36 (KHTML, like Gecko) Chrome/144.0.0.0 Safari/537.36	Mozilla/5.0 (Windows NT 10.0; Win64; x64) AppleWebKit/537.36 (KHTML, like Gecko) Chrome/144.0.0.0 Safari/537.36	2026-01-31 14:49:19.809048+01	\N	\N	\N	\N	8
98	127.0.0.1	Mozilla/5.0 (Windows NT 10.0; Win64; x64) AppleWebKit/537.36 (KHTML, like Gecko) Chrome/144.0.0.0 Safari/537.36	Mozilla/5.0 (Windows NT 10.0; Win64; x64) AppleWebKit/537.36 (KHTML, like Gecko) Chrome/144.0.0.0 Safari/537.36	2026-01-31 22:31:26.49811+01	\N	\N	\N	\N	6
99	127.0.0.1	Mozilla/5.0 (Windows NT 10.0; Win64; x64) AppleWebKit/537.36 (KHTML, like Gecko) Chrome/144.0.0.0 Safari/537.36	Mozilla/5.0 (Windows NT 10.0; Win64; x64) AppleWebKit/537.36 (KHTML, like Gecko) Chrome/144.0.0.0 Safari/537.36	2026-01-31 23:25:12.776373+01	\N	\N	\N	\N	6
100	127.0.0.1	Mozilla/5.0 (Windows NT 10.0; Win64; x64) AppleWebKit/537.36 (KHTML, like Gecko) Chrome/144.0.0.0 Safari/537.36	Mozilla/5.0 (Windows NT 10.0; Win64; x64) AppleWebKit/537.36 (KHTML, like Gecko) Chrome/144.0.0.0 Safari/537.36	2026-01-31 23:27:13.976191+01	\N	\N	\N	\N	8
101	127.0.0.1	Mozilla/5.0 (Windows NT 10.0; Win64; x64) AppleWebKit/537.36 (KHTML, like Gecko) Chrome/144.0.0.0 Safari/537.36	Mozilla/5.0 (Windows NT 10.0; Win64; x64) AppleWebKit/537.36 (KHTML, like Gecko) Chrome/144.0.0.0 Safari/537.36	2026-01-31 23:33:30.227508+01	\N	\N	\N	\N	8
102	127.0.0.1	Mozilla/5.0 (Windows NT 10.0; Win64; x64) AppleWebKit/537.36 (KHTML, like Gecko) Chrome/144.0.0.0 Safari/537.36	Mozilla/5.0 (Windows NT 10.0; Win64; x64) AppleWebKit/537.36 (KHTML, like Gecko) Chrome/144.0.0.0 Safari/537.36	2026-02-01 19:54:44.115675+01	\N	\N	\N	\N	6
103	127.0.0.1	Mozilla/5.0 (Windows NT 10.0; Win64; x64) AppleWebKit/537.36 (KHTML, like Gecko) Chrome/144.0.0.0 Safari/537.36	Mozilla/5.0 (Windows NT 10.0; Win64; x64) AppleWebKit/537.36 (KHTML, like Gecko) Chrome/144.0.0.0 Safari/537.36	2026-02-01 21:01:23.503418+01	\N	\N	\N	\N	6
104	127.0.0.1	Mozilla/5.0 (Windows NT 10.0; Win64; x64) AppleWebKit/537.36 (KHTML, like Gecko) Chrome/144.0.0.0 Safari/537.36	Mozilla/5.0 (Windows NT 10.0; Win64; x64) AppleWebKit/537.36 (KHTML, like Gecko) Chrome/144.0.0.0 Safari/537.36	2026-02-02 10:47:12.391412+01	\N	\N	\N	\N	6
105	127.0.0.1	Mozilla/5.0 (Windows NT 10.0; Win64; x64) AppleWebKit/537.36 (KHTML, like Gecko) Chrome/144.0.0.0 Safari/537.36	Mozilla/5.0 (Windows NT 10.0; Win64; x64) AppleWebKit/537.36 (KHTML, like Gecko) Chrome/144.0.0.0 Safari/537.36	2026-02-02 11:01:21.000162+01	\N	\N	\N	\N	6
106	127.0.0.1	Mozilla/5.0 (Windows NT 10.0; Win64; x64) AppleWebKit/537.36 (KHTML, like Gecko) Chrome/144.0.0.0 Safari/537.36	Mozilla/5.0 (Windows NT 10.0; Win64; x64) AppleWebKit/537.36 (KHTML, like Gecko) Chrome/144.0.0.0 Safari/537.36	2026-02-02 11:26:53.068766+01	\N	\N	\N	\N	6
107	127.0.0.1	Mozilla/5.0 (Windows NT 10.0; Win64; x64) AppleWebKit/537.36 (KHTML, like Gecko) Chrome/144.0.0.0 Safari/537.36	Mozilla/5.0 (Windows NT 10.0; Win64; x64) AppleWebKit/537.36 (KHTML, like Gecko) Chrome/144.0.0.0 Safari/537.36	2026-02-02 19:29:41.946814+01	\N	\N	\N	\N	6
108	127.0.0.1	Mozilla/5.0 (Windows NT 10.0; Win64; x64) AppleWebKit/537.36 (KHTML, like Gecko) Chrome/144.0.0.0 Safari/537.36	Mozilla/5.0 (Windows NT 10.0; Win64; x64) AppleWebKit/537.36 (KHTML, like Gecko) Chrome/144.0.0.0 Safari/537.36	2026-02-03 18:22:50.943308+01	\N	\N	\N	\N	6
109	127.0.0.1	Mozilla/5.0 (Windows NT 10.0; Win64; x64) AppleWebKit/537.36 (KHTML, like Gecko) Chrome/144.0.0.0 Safari/537.36	Mozilla/5.0 (Windows NT 10.0; Win64; x64) AppleWebKit/537.36 (KHTML, like Gecko) Chrome/144.0.0.0 Safari/537.36	2026-02-04 07:46:06.590143+01	\N	\N	\N	\N	6
110	127.0.0.1	Mozilla/5.0 (Windows NT 10.0; Win64; x64) AppleWebKit/537.36 (KHTML, like Gecko) Chrome/144.0.0.0 Safari/537.36	Mozilla/5.0 (Windows NT 10.0; Win64; x64) AppleWebKit/537.36 (KHTML, like Gecko) Chrome/144.0.0.0 Safari/537.36	2026-02-04 07:46:14.190193+01	\N	\N	\N	\N	6
111	127.0.0.1	Mozilla/5.0 (Windows NT 10.0; Win64; x64) AppleWebKit/537.36 (KHTML, like Gecko) Chrome/144.0.0.0 Safari/537.36	Mozilla/5.0 (Windows NT 10.0; Win64; x64) AppleWebKit/537.36 (KHTML, like Gecko) Chrome/144.0.0.0 Safari/537.36	2026-02-06 20:55:11.409502+01	\N	\N	\N	\N	6
112	127.0.0.1	Mozilla/5.0 (Windows NT 10.0; Win64; x64) AppleWebKit/537.36 (KHTML, like Gecko) Chrome/144.0.0.0 Safari/537.36	Mozilla/5.0 (Windows NT 10.0; Win64; x64) AppleWebKit/537.36 (KHTML, like Gecko) Chrome/144.0.0.0 Safari/537.36	2026-02-06 20:55:11.56191+01	\N	\N	\N	\N	6
113	127.0.0.1	Mozilla/5.0 (Windows NT 10.0; Win64; x64) AppleWebKit/537.36 (KHTML, like Gecko) Chrome/144.0.0.0 Safari/537.36	Mozilla/5.0 (Windows NT 10.0; Win64; x64) AppleWebKit/537.36 (KHTML, like Gecko) Chrome/144.0.0.0 Safari/537.36	2026-02-06 20:55:19.096116+01	\N	\N	\N	\N	6
114	127.0.0.1	Mozilla/5.0 (Windows NT 10.0; Win64; x64) AppleWebKit/537.36 (KHTML, like Gecko) Chrome/144.0.0.0 Safari/537.36	Mozilla/5.0 (Windows NT 10.0; Win64; x64) AppleWebKit/537.36 (KHTML, like Gecko) Chrome/144.0.0.0 Safari/537.36	2026-02-06 20:56:10.878774+01	\N	\N	\N	\N	6
115	127.0.0.1	Mozilla/5.0 (Windows NT 10.0; Win64; x64) AppleWebKit/537.36 (KHTML, like Gecko) Chrome/144.0.0.0 Safari/537.36	Mozilla/5.0 (Windows NT 10.0; Win64; x64) AppleWebKit/537.36 (KHTML, like Gecko) Chrome/144.0.0.0 Safari/537.36	2026-02-06 21:45:09.46217+01	\N	\N	\N	\N	6
116	127.0.0.1	Mozilla/5.0 (Windows NT 10.0; Win64; x64) AppleWebKit/537.36 (KHTML, like Gecko) Chrome/144.0.0.0 Safari/537.36	Mozilla/5.0 (Windows NT 10.0; Win64; x64) AppleWebKit/537.36 (KHTML, like Gecko) Chrome/144.0.0.0 Safari/537.36	2026-02-06 21:45:17.347871+01	\N	\N	\N	\N	6
117	127.0.0.1	Mozilla/5.0 (Windows NT 10.0; Win64; x64) AppleWebKit/537.36 (KHTML, like Gecko) Chrome/144.0.0.0 Safari/537.36	Mozilla/5.0 (Windows NT 10.0; Win64; x64) AppleWebKit/537.36 (KHTML, like Gecko) Chrome/144.0.0.0 Safari/537.36	2026-02-06 22:04:18.455919+01	\N	\N	\N	\N	6
118	127.0.0.1	Mozilla/5.0 (Windows NT 10.0; Win64; x64) AppleWebKit/537.36 (KHTML, like Gecko) Chrome/144.0.0.0 Safari/537.36	Mozilla/5.0 (Windows NT 10.0; Win64; x64) AppleWebKit/537.36 (KHTML, like Gecko) Chrome/144.0.0.0 Safari/537.36	2026-02-07 09:28:56.087724+01	\N	\N	\N	\N	6
120	127.0.0.1	Mozilla/5.0 (Windows NT 10.0; Win64; x64) AppleWebKit/537.36 (KHTML, like Gecko) Chrome/144.0.0.0 Safari/537.36	Mozilla/5.0 (Windows NT 10.0; Win64; x64) AppleWebKit/537.36 (KHTML, like Gecko) Chrome/144.0.0.0 Safari/537.36	2026-02-08 09:54:33.978177+01	\N	\N	\N	\N	6
121	127.0.0.1	Mozilla/5.0 (Windows NT 10.0; Win64; x64) AppleWebKit/537.36 (KHTML, like Gecko) Chrome/144.0.0.0 Safari/537.36	Mozilla/5.0 (Windows NT 10.0; Win64; x64) AppleWebKit/537.36 (KHTML, like Gecko) Chrome/144.0.0.0 Safari/537.36	2026-02-08 09:54:33.988701+01	\N	\N	\N	\N	6
119	127.0.0.1	Mozilla/5.0 (Windows NT 10.0; Win64; x64) AppleWebKit/537.36 (KHTML, like Gecko) Chrome/144.0.0.0 Safari/537.36	Mozilla/5.0 (Windows NT 10.0; Win64; x64) AppleWebKit/537.36 (KHTML, like Gecko) Chrome/144.0.0.0 Safari/537.36	2026-02-08 09:54:33.986452+01	\N	\N	\N	\N	6
122	127.0.0.1	Mozilla/5.0 (Windows NT 10.0; Win64; x64) AppleWebKit/537.36 (KHTML, like Gecko) Chrome/144.0.0.0 Safari/537.36	Mozilla/5.0 (Windows NT 10.0; Win64; x64) AppleWebKit/537.36 (KHTML, like Gecko) Chrome/144.0.0.0 Safari/537.36	2026-02-08 09:54:41.39517+01	\N	\N	\N	\N	6
123	127.0.0.1	Mozilla/5.0 (Windows NT 10.0; Win64; x64) AppleWebKit/537.36 (KHTML, like Gecko) Chrome/144.0.0.0 Safari/537.36	Mozilla/5.0 (Windows NT 10.0; Win64; x64) AppleWebKit/537.36 (KHTML, like Gecko) Chrome/144.0.0.0 Safari/537.36	2026-02-08 09:55:44.184468+01	\N	\N	\N	\N	6
124	127.0.0.1	Mozilla/5.0 (Windows NT 10.0; Win64; x64) AppleWebKit/537.36 (KHTML, like Gecko) Chrome/144.0.0.0 Safari/537.36	Mozilla/5.0 (Windows NT 10.0; Win64; x64) AppleWebKit/537.36 (KHTML, like Gecko) Chrome/144.0.0.0 Safari/537.36	2026-02-09 00:25:41.62419+01	\N	\N	\N	\N	6
125	127.0.0.1	Mozilla/5.0 (Windows NT 10.0; Win64; x64) AppleWebKit/537.36 (KHTML, like Gecko) Chrome/144.0.0.0 Safari/537.36	Mozilla/5.0 (Windows NT 10.0; Win64; x64) AppleWebKit/537.36 (KHTML, like Gecko) Chrome/144.0.0.0 Safari/537.36	2026-02-11 18:46:27.97281+01	\N	\N	\N	\N	6
126	127.0.0.1	Mozilla/5.0 (Windows NT 10.0; Win64; x64) AppleWebKit/537.36 (KHTML, like Gecko) Chrome/144.0.0.0 Safari/537.36	Mozilla/5.0 (Windows NT 10.0; Win64; x64) AppleWebKit/537.36 (KHTML, like Gecko) Chrome/144.0.0.0 Safari/537.36	2026-02-11 18:58:05.852467+01	\N	\N	\N	\N	6
127	127.0.0.1	Mozilla/5.0 (Windows NT 10.0; Win64; x64) AppleWebKit/537.36 (KHTML, like Gecko) Chrome/144.0.0.0 Safari/537.36	Mozilla/5.0 (Windows NT 10.0; Win64; x64) AppleWebKit/537.36 (KHTML, like Gecko) Chrome/144.0.0.0 Safari/537.36	2026-02-11 23:25:42.752883+01	\N	\N	\N	\N	6
128	127.0.0.1	Mozilla/5.0 (Windows NT 10.0; Win64; x64) AppleWebKit/537.36 (KHTML, like Gecko) Chrome/144.0.0.0 Safari/537.36	Mozilla/5.0 (Windows NT 10.0; Win64; x64) AppleWebKit/537.36 (KHTML, like Gecko) Chrome/144.0.0.0 Safari/537.36	2026-02-13 15:36:41.442996+01	\N	\N	\N	\N	6
129	127.0.0.1	Mozilla/5.0 (Windows NT 10.0; Win64; x64) AppleWebKit/537.36 (KHTML, like Gecko) Chrome/144.0.0.0 Safari/537.36	Mozilla/5.0 (Windows NT 10.0; Win64; x64) AppleWebKit/537.36 (KHTML, like Gecko) Chrome/144.0.0.0 Safari/537.36	2026-02-13 16:10:30.490144+01	\N	\N	\N	\N	6
130	127.0.0.1	Mozilla/5.0 (Windows NT 10.0; Win64; x64) AppleWebKit/537.36 (KHTML, like Gecko) Chrome/144.0.0.0 Safari/537.36	Mozilla/5.0 (Windows NT 10.0; Win64; x64) AppleWebKit/537.36 (KHTML, like Gecko) Chrome/144.0.0.0 Safari/537.36	2026-02-13 16:15:57.120642+01	\N	\N	\N	\N	8
131	127.0.0.1	Mozilla/5.0 (Windows NT 10.0; Win64; x64) AppleWebKit/537.36 (KHTML, like Gecko) Chrome/144.0.0.0 Safari/537.36	Mozilla/5.0 (Windows NT 10.0; Win64; x64) AppleWebKit/537.36 (KHTML, like Gecko) Chrome/144.0.0.0 Safari/537.36	2026-02-13 16:16:35.355316+01	\N	\N	\N	\N	6
132	127.0.0.1	Mozilla/5.0 (Windows NT 10.0; Win64; x64) AppleWebKit/537.36 (KHTML, like Gecko) Chrome/144.0.0.0 Safari/537.36	Mozilla/5.0 (Windows NT 10.0; Win64; x64) AppleWebKit/537.36 (KHTML, like Gecko) Chrome/144.0.0.0 Safari/537.36	2026-02-13 16:25:17.755916+01	\N	\N	\N	\N	8
133	127.0.0.1	Mozilla/5.0 (Windows NT 10.0; Win64; x64) AppleWebKit/537.36 (KHTML, like Gecko) Chrome/144.0.0.0 Safari/537.36	Mozilla/5.0 (Windows NT 10.0; Win64; x64) AppleWebKit/537.36 (KHTML, like Gecko) Chrome/144.0.0.0 Safari/537.36	2026-02-13 16:25:35.022476+01	\N	\N	\N	\N	6
134	127.0.0.1	Mozilla/5.0 (Windows NT 10.0; Win64; x64) AppleWebKit/537.36 (KHTML, like Gecko) Chrome/144.0.0.0 Safari/537.36	Mozilla/5.0 (Windows NT 10.0; Win64; x64) AppleWebKit/537.36 (KHTML, like Gecko) Chrome/144.0.0.0 Safari/537.36	2026-02-13 18:04:51.408551+01	\N	\N	\N	\N	8
135	127.0.0.1	Mozilla/5.0 (Windows NT 10.0; Win64; x64) AppleWebKit/537.36 (KHTML, like Gecko) Chrome/144.0.0.0 Safari/537.36	Mozilla/5.0 (Windows NT 10.0; Win64; x64) AppleWebKit/537.36 (KHTML, like Gecko) Chrome/144.0.0.0 Safari/537.36	2026-02-13 18:28:59.996754+01	\N	\N	\N	\N	8
136	127.0.0.1	Mozilla/5.0 (Windows NT 10.0; Win64; x64) AppleWebKit/537.36 (KHTML, like Gecko) Chrome/144.0.0.0 Safari/537.36	Mozilla/5.0 (Windows NT 10.0; Win64; x64) AppleWebKit/537.36 (KHTML, like Gecko) Chrome/144.0.0.0 Safari/537.36	2026-02-13 18:32:18.487217+01	\N	\N	\N	\N	6
137	127.0.0.1	Mozilla/5.0 (Windows NT 10.0; Win64; x64) AppleWebKit/537.36 (KHTML, like Gecko) Chrome/144.0.0.0 Safari/537.36	Mozilla/5.0 (Windows NT 10.0; Win64; x64) AppleWebKit/537.36 (KHTML, like Gecko) Chrome/144.0.0.0 Safari/537.36	2026-02-13 20:38:30.251067+01	\N	\N	\N	\N	8
138	127.0.0.1	Mozilla/5.0 (Windows NT 10.0; Win64; x64) AppleWebKit/537.36 (KHTML, like Gecko) Chrome/145.0.0.0 Safari/537.36	Mozilla/5.0 (Windows NT 10.0; Win64; x64) AppleWebKit/537.36 (KHTML, like Gecko) Chrome/145.0.0.0 Safari/537.36	2026-02-14 11:14:43.194235+01	\N	\N	\N	\N	6
139	127.0.0.1	Mozilla/5.0 (Windows NT 10.0; Win64; x64) AppleWebKit/537.36 (KHTML, like Gecko) Chrome/145.0.0.0 Safari/537.36	Mozilla/5.0 (Windows NT 10.0; Win64; x64) AppleWebKit/537.36 (KHTML, like Gecko) Chrome/145.0.0.0 Safari/537.36	2026-02-14 17:24:37.07294+01	\N	\N	\N	\N	8
140	127.0.0.1	Mozilla/5.0 (Windows NT 10.0; Win64; x64) AppleWebKit/537.36 (KHTML, like Gecko) Chrome/145.0.0.0 Safari/537.36	Mozilla/5.0 (Windows NT 10.0; Win64; x64) AppleWebKit/537.36 (KHTML, like Gecko) Chrome/145.0.0.0 Safari/537.36	2026-02-14 23:52:14.905542+01	\N	\N	\N	\N	8
141	127.0.0.1	Mozilla/5.0 (Windows NT 10.0; Win64; x64) AppleWebKit/537.36 (KHTML, like Gecko) Chrome/145.0.0.0 Safari/537.36	Mozilla/5.0 (Windows NT 10.0; Win64; x64) AppleWebKit/537.36 (KHTML, like Gecko) Chrome/145.0.0.0 Safari/537.36	2026-02-14 23:59:53.305836+01	\N	\N	\N	\N	8
142	127.0.0.1	Mozilla/5.0 (Windows NT 10.0; Win64; x64) AppleWebKit/537.36 (KHTML, like Gecko) Chrome/145.0.0.0 Safari/537.36	Mozilla/5.0 (Windows NT 10.0; Win64; x64) AppleWebKit/537.36 (KHTML, like Gecko) Chrome/145.0.0.0 Safari/537.36	2026-02-15 00:08:19.881648+01	\N	\N	\N	\N	8
143	127.0.0.1	Mozilla/5.0 (Windows NT 10.0; Win64; x64) AppleWebKit/537.36 (KHTML, like Gecko) Chrome/145.0.0.0 Safari/537.36	Mozilla/5.0 (Windows NT 10.0; Win64; x64) AppleWebKit/537.36 (KHTML, like Gecko) Chrome/145.0.0.0 Safari/537.36	2026-02-15 00:33:07.664664+01	\N	\N	\N	\N	6
144	127.0.0.1	Mozilla/5.0 (Windows NT 10.0; Win64; x64) AppleWebKit/537.36 (KHTML, like Gecko) Chrome/145.0.0.0 Safari/537.36	Mozilla/5.0 (Windows NT 10.0; Win64; x64) AppleWebKit/537.36 (KHTML, like Gecko) Chrome/145.0.0.0 Safari/537.36	2026-02-15 10:22:56.591431+01	\N	\N	\N	\N	6
145	127.0.0.1	Mozilla/5.0 (Windows NT 10.0; Win64; x64) AppleWebKit/537.36 (KHTML, like Gecko) Chrome/145.0.0.0 Safari/537.36	Mozilla/5.0 (Windows NT 10.0; Win64; x64) AppleWebKit/537.36 (KHTML, like Gecko) Chrome/145.0.0.0 Safari/537.36	2026-02-15 11:10:59.195397+01	\N	\N	\N	\N	8
146	127.0.0.1	Mozilla/5.0 (Windows NT 10.0; Win64; x64) AppleWebKit/537.36 (KHTML, like Gecko) Chrome/145.0.0.0 Safari/537.36	Mozilla/5.0 (Windows NT 10.0; Win64; x64) AppleWebKit/537.36 (KHTML, like Gecko) Chrome/145.0.0.0 Safari/537.36	2026-02-15 11:18:36.727457+01	\N	\N	\N	\N	8
147	127.0.0.1	Mozilla/5.0 (Windows NT 10.0; Win64; x64) AppleWebKit/537.36 (KHTML, like Gecko) Chrome/145.0.0.0 Safari/537.36	Mozilla/5.0 (Windows NT 10.0; Win64; x64) AppleWebKit/537.36 (KHTML, like Gecko) Chrome/145.0.0.0 Safari/537.36	2026-02-15 11:37:05.176776+01	\N	\N	\N	\N	8
148	127.0.0.1	python-requests/2.32.5	python-requests/2.32.5	2026-02-15 11:53:19.357185+01	\N	\N	\N	\N	6
149	127.0.0.1	python-requests/2.32.5	python-requests/2.32.5	2026-02-15 11:53:54.043148+01	\N	\N	\N	\N	6
150	127.0.0.1	python-requests/2.32.5	python-requests/2.32.5	2026-02-15 11:54:22.199033+01	\N	\N	\N	\N	6
151	127.0.0.1	python-requests/2.32.5	python-requests/2.32.5	2026-02-15 11:55:15.36067+01	\N	\N	\N	\N	6
152	127.0.0.1	python-requests/2.32.5	python-requests/2.32.5	2026-02-15 11:55:35.329782+01	\N	\N	\N	\N	6
153	127.0.0.1	Mozilla/5.0 (Windows NT 10.0; Win64; x64) AppleWebKit/537.36 (KHTML, like Gecko) Chrome/145.0.0.0 Safari/537.36	Mozilla/5.0 (Windows NT 10.0; Win64; x64) AppleWebKit/537.36 (KHTML, like Gecko) Chrome/145.0.0.0 Safari/537.36	2026-02-15 12:16:36.173433+01	\N	\N	\N	\N	8
154	127.0.0.1	python-requests/2.32.5	python-requests/2.32.5	2026-02-15 12:22:53.76044+01	\N	\N	\N	\N	6
155	127.0.0.1	python-requests/2.32.5	python-requests/2.32.5	2026-02-15 12:23:21.858411+01	\N	\N	\N	\N	6
156	127.0.0.1	python-requests/2.32.5	python-requests/2.32.5	2026-02-15 12:40:34.514137+01	\N	\N	\N	\N	6
157	127.0.0.1	python-requests/2.32.5	python-requests/2.32.5	2026-02-15 12:41:02.956522+01	\N	\N	\N	\N	6
158	127.0.0.1	python-requests/2.32.5	python-requests/2.32.5	2026-02-15 12:41:25.027598+01	\N	\N	\N	\N	6
159	127.0.0.1	Mozilla/5.0 (Windows NT 10.0; Win64; x64) AppleWebKit/537.36 (KHTML, like Gecko) Chrome/145.0.0.0 Safari/537.36	Mozilla/5.0 (Windows NT 10.0; Win64; x64) AppleWebKit/537.36 (KHTML, like Gecko) Chrome/145.0.0.0 Safari/537.36	2026-02-15 12:47:38.372778+01	\N	\N	\N	\N	8
160	127.0.0.1	Mozilla/5.0 (Windows NT 10.0; Win64; x64) AppleWebKit/537.36 (KHTML, like Gecko) Chrome/145.0.0.0 Safari/537.36	Mozilla/5.0 (Windows NT 10.0; Win64; x64) AppleWebKit/537.36 (KHTML, like Gecko) Chrome/145.0.0.0 Safari/537.36	2026-02-15 13:04:40.311546+01	\N	\N	\N	\N	2
161	127.0.0.1	Mozilla/5.0 (Windows NT 10.0; Win64; x64) AppleWebKit/537.36 (KHTML, like Gecko) Chrome/145.0.0.0 Safari/537.36	Mozilla/5.0 (Windows NT 10.0; Win64; x64) AppleWebKit/537.36 (KHTML, like Gecko) Chrome/145.0.0.0 Safari/537.36	2026-02-15 13:11:18.968089+01	\N	\N	\N	\N	2
162	127.0.0.1	Mozilla/5.0 (Windows NT 10.0; Win64; x64) AppleWebKit/537.36 (KHTML, like Gecko) Chrome/145.0.0.0 Safari/537.36	Mozilla/5.0 (Windows NT 10.0; Win64; x64) AppleWebKit/537.36 (KHTML, like Gecko) Chrome/145.0.0.0 Safari/537.36	2026-02-15 14:01:49.89251+01	\N	\N	\N	\N	2
163	127.0.0.1	Mozilla/5.0 (Windows NT 10.0; Win64; x64) AppleWebKit/537.36 (KHTML, like Gecko) Chrome/145.0.0.0 Safari/537.36	Mozilla/5.0 (Windows NT 10.0; Win64; x64) AppleWebKit/537.36 (KHTML, like Gecko) Chrome/145.0.0.0 Safari/537.36	2026-02-15 14:19:32.305539+01	\N	\N	\N	\N	6
164	127.0.0.1	Mozilla/5.0 (Windows NT 10.0; Win64; x64) AppleWebKit/537.36 (KHTML, like Gecko) Chrome/145.0.0.0 Safari/537.36	Mozilla/5.0 (Windows NT 10.0; Win64; x64) AppleWebKit/537.36 (KHTML, like Gecko) Chrome/145.0.0.0 Safari/537.36	2026-02-15 15:38:29.015918+01	\N	\N	\N	\N	2
165	127.0.0.1	Mozilla/5.0 (Windows NT 10.0; Win64; x64) AppleWebKit/537.36 (KHTML, like Gecko) Chrome/145.0.0.0 Safari/537.36	Mozilla/5.0 (Windows NT 10.0; Win64; x64) AppleWebKit/537.36 (KHTML, like Gecko) Chrome/145.0.0.0 Safari/537.36	2026-02-15 16:15:03.529579+01	\N	\N	\N	\N	2
166	127.0.0.1	Mozilla/5.0 (Windows NT 10.0; Win64; x64) AppleWebKit/537.36 (KHTML, like Gecko) Chrome/145.0.0.0 Safari/537.36	Mozilla/5.0 (Windows NT 10.0; Win64; x64) AppleWebKit/537.36 (KHTML, like Gecko) Chrome/145.0.0.0 Safari/537.36	2026-02-15 16:39:15.481887+01	\N	\N	\N	\N	12
167	127.0.0.1	Mozilla/5.0 (Windows NT 10.0; Win64; x64) AppleWebKit/537.36 (KHTML, like Gecko) Chrome/145.0.0.0 Safari/537.36	Mozilla/5.0 (Windows NT 10.0; Win64; x64) AppleWebKit/537.36 (KHTML, like Gecko) Chrome/145.0.0.0 Safari/537.36	2026-02-15 16:40:24.758823+01	\N	\N	\N	\N	12
168	127.0.0.1	Mozilla/5.0 (Windows NT 10.0; Win64; x64) AppleWebKit/537.36 (KHTML, like Gecko) Chrome/145.0.0.0 Safari/537.36	Mozilla/5.0 (Windows NT 10.0; Win64; x64) AppleWebKit/537.36 (KHTML, like Gecko) Chrome/145.0.0.0 Safari/537.36	2026-02-15 21:27:05.782549+01	\N	\N	\N	\N	6
169	127.0.0.1	Mozilla/5.0 (Windows NT 10.0; Win64; x64) AppleWebKit/537.36 (KHTML, like Gecko) Chrome/145.0.0.0 Safari/537.36 Edg/145.0.0.0	Mozilla/5.0 (Windows NT 10.0; Win64; x64) AppleWebKit/537.36 (KHTML, like Gecko) Chrome/145.0.0.0 Safari/537.36 Edg/145.0.0.0	2026-02-15 21:34:21.210177+01	\N	\N	\N	\N	12
170	127.0.0.1	Mozilla/5.0 (Windows NT 10.0; Win64; x64) AppleWebKit/537.36 (KHTML, like Gecko) Chrome/145.0.0.0 Safari/537.36 Edg/145.0.0.0	Mozilla/5.0 (Windows NT 10.0; Win64; x64) AppleWebKit/537.36 (KHTML, like Gecko) Chrome/145.0.0.0 Safari/537.36 Edg/145.0.0.0	2026-02-15 21:37:58.843398+01	\N	\N	\N	\N	12
171	127.0.0.1	Mozilla/5.0 (Windows NT 10.0; Win64; x64) AppleWebKit/537.36 (KHTML, like Gecko) Chrome/145.0.0.0 Safari/537.36	Mozilla/5.0 (Windows NT 10.0; Win64; x64) AppleWebKit/537.36 (KHTML, like Gecko) Chrome/145.0.0.0 Safari/537.36	2026-02-15 23:25:52.29705+01	\N	\N	\N	\N	6
172	127.0.0.1	Mozilla/5.0 (Windows NT 10.0; Win64; x64) AppleWebKit/537.36 (KHTML, like Gecko) Chrome/145.0.0.0 Safari/537.36	Mozilla/5.0 (Windows NT 10.0; Win64; x64) AppleWebKit/537.36 (KHTML, like Gecko) Chrome/145.0.0.0 Safari/537.36	2026-02-16 00:48:51.128911+01	\N	\N	\N	\N	6
173	127.0.0.1	Mozilla/5.0 (Windows NT 10.0; Win64; x64) AppleWebKit/537.36 (KHTML, like Gecko) Chrome/145.0.0.0 Safari/537.36 Edg/145.0.0.0	Mozilla/5.0 (Windows NT 10.0; Win64; x64) AppleWebKit/537.36 (KHTML, like Gecko) Chrome/145.0.0.0 Safari/537.36 Edg/145.0.0.0	2026-02-16 02:14:15.907462+01	\N	\N	\N	\N	12
174	127.0.0.1	Mozilla/5.0 (Windows NT 10.0; Win64; x64) AppleWebKit/537.36 (KHTML, like Gecko) Chrome/145.0.0.0 Safari/537.36	Mozilla/5.0 (Windows NT 10.0; Win64; x64) AppleWebKit/537.36 (KHTML, like Gecko) Chrome/145.0.0.0 Safari/537.36	2026-02-16 02:14:32.557793+01	\N	\N	\N	\N	6
175	127.0.0.1	Mozilla/5.0 (Windows NT 10.0; Win64; x64) AppleWebKit/537.36 (KHTML, like Gecko) Chrome/145.0.0.0 Safari/537.36	Mozilla/5.0 (Windows NT 10.0; Win64; x64) AppleWebKit/537.36 (KHTML, like Gecko) Chrome/145.0.0.0 Safari/537.36	2026-02-16 10:53:32.359251+01	\N	\N	\N	\N	6
176	127.0.0.1	Mozilla/5.0 (Windows NT 10.0; Win64; x64) AppleWebKit/537.36 (KHTML, like Gecko) Chrome/145.0.0.0 Safari/537.36	Mozilla/5.0 (Windows NT 10.0; Win64; x64) AppleWebKit/537.36 (KHTML, like Gecko) Chrome/145.0.0.0 Safari/537.36	2026-02-16 21:16:53.591032+01	\N	\N	\N	\N	6
177	127.0.0.1	Mozilla/5.0 (Windows NT 10.0; Win64; x64) AppleWebKit/537.36 (KHTML, like Gecko) Chrome/145.0.0.0 Safari/537.36	Mozilla/5.0 (Windows NT 10.0; Win64; x64) AppleWebKit/537.36 (KHTML, like Gecko) Chrome/145.0.0.0 Safari/537.36	2026-02-17 21:00:57.395087+01	\N	\N	\N	\N	6
178	127.0.0.1	Mozilla/5.0 (Windows NT 10.0; Win64; x64) AppleWebKit/537.36 (KHTML, like Gecko) Chrome/145.0.0.0 Safari/537.36 Edg/145.0.0.0	Mozilla/5.0 (Windows NT 10.0; Win64; x64) AppleWebKit/537.36 (KHTML, like Gecko) Chrome/145.0.0.0 Safari/537.36 Edg/145.0.0.0	2026-02-17 21:07:03.738127+01	\N	\N	\N	\N	12
179	127.0.0.1	Mozilla/5.0 (Windows NT 10.0; Win64; x64) AppleWebKit/537.36 (KHTML, like Gecko) Chrome/145.0.0.0 Safari/537.36 Edg/145.0.0.0	Mozilla/5.0 (Windows NT 10.0; Win64; x64) AppleWebKit/537.36 (KHTML, like Gecko) Chrome/145.0.0.0 Safari/537.36 Edg/145.0.0.0	2026-02-17 21:10:15.041104+01	\N	\N	\N	\N	12
180	127.0.0.1	Mozilla/5.0 (Windows NT 10.0; Win64; x64) AppleWebKit/537.36 (KHTML, like Gecko) Chrome/145.0.0.0 Safari/537.36 Edg/145.0.0.0	Mozilla/5.0 (Windows NT 10.0; Win64; x64) AppleWebKit/537.36 (KHTML, like Gecko) Chrome/145.0.0.0 Safari/537.36 Edg/145.0.0.0	2026-02-17 21:13:42.600395+01	\N	\N	\N	\N	12
181	127.0.0.1	Mozilla/5.0 (Windows NT 10.0; Win64; x64) AppleWebKit/537.36 (KHTML, like Gecko) Chrome/145.0.0.0 Safari/537.36 Edg/145.0.0.0	Mozilla/5.0 (Windows NT 10.0; Win64; x64) AppleWebKit/537.36 (KHTML, like Gecko) Chrome/145.0.0.0 Safari/537.36 Edg/145.0.0.0	2026-02-17 21:14:19.188019+01	\N	\N	\N	\N	12
182	127.0.0.1	Mozilla/5.0 (Windows NT 10.0; Win64; x64) AppleWebKit/537.36 (KHTML, like Gecko) Chrome/145.0.0.0 Safari/537.36 Edg/145.0.0.0	Mozilla/5.0 (Windows NT 10.0; Win64; x64) AppleWebKit/537.36 (KHTML, like Gecko) Chrome/145.0.0.0 Safari/537.36 Edg/145.0.0.0	2026-02-17 21:15:45.003989+01	\N	\N	\N	\N	12
183	127.0.0.1	Mozilla/5.0 (Windows NT 10.0; Win64; x64) AppleWebKit/537.36 (KHTML, like Gecko) Chrome/145.0.0.0 Safari/537.36	Mozilla/5.0 (Windows NT 10.0; Win64; x64) AppleWebKit/537.36 (KHTML, like Gecko) Chrome/145.0.0.0 Safari/537.36	2026-02-19 13:18:17.236792+01	\N	\N	\N	\N	6
184	127.0.0.1	Mozilla/5.0 (Windows NT 10.0; Win64; x64) AppleWebKit/537.36 (KHTML, like Gecko) Chrome/145.0.0.0 Safari/537.36	Mozilla/5.0 (Windows NT 10.0; Win64; x64) AppleWebKit/537.36 (KHTML, like Gecko) Chrome/145.0.0.0 Safari/537.36	2026-02-19 21:45:12.420606+01	\N	\N	\N	\N	6
185	127.0.0.1	Mozilla/5.0 (Linux; Android 6.0; Nexus 5 Build/MRA58N) AppleWebKit/537.36 (KHTML, like Gecko) Chrome/145.0.0.0 Mobile Safari/537.36	Mozilla/5.0 (Linux; Android 6.0; Nexus 5 Build/MRA58N) AppleWebKit/537.36 (KHTML, like Gecko) Chrome/145.0.0.0 Mobile Safari/537.36	2026-02-19 22:45:18.671925+01	\N	\N	\N	\N	6
186	127.0.0.1	Mozilla/5.0 (Linux; Android 6.0; Nexus 5 Build/MRA58N) AppleWebKit/537.36 (KHTML, like Gecko) Chrome/145.0.0.0 Mobile Safari/537.36	Mozilla/5.0 (Linux; Android 6.0; Nexus 5 Build/MRA58N) AppleWebKit/537.36 (KHTML, like Gecko) Chrome/145.0.0.0 Mobile Safari/537.36	2026-02-19 22:45:21.263182+01	\N	\N	\N	\N	6
187	127.0.0.1	Mozilla/5.0 (Windows NT 10.0; Win64; x64) AppleWebKit/537.36 (KHTML, like Gecko) Chrome/145.0.0.0 Safari/537.36	Mozilla/5.0 (Windows NT 10.0; Win64; x64) AppleWebKit/537.36 (KHTML, like Gecko) Chrome/145.0.0.0 Safari/537.36	2026-02-20 11:07:24.319785+01	\N	\N	\N	\N	6
188	127.0.0.1	Mozilla/5.0 (Windows NT 10.0; Win64; x64) AppleWebKit/537.36 (KHTML, like Gecko) Chrome/145.0.0.0 Safari/537.36	Mozilla/5.0 (Windows NT 10.0; Win64; x64) AppleWebKit/537.36 (KHTML, like Gecko) Chrome/145.0.0.0 Safari/537.36	2026-02-20 12:13:45.998323+01	\N	\N	\N	\N	6
189	127.0.0.1	Mozilla/5.0 (Windows NT 10.0; Win64; x64) AppleWebKit/537.36 (KHTML, like Gecko) Chrome/145.0.0.0 Safari/537.36	Mozilla/5.0 (Windows NT 10.0; Win64; x64) AppleWebKit/537.36 (KHTML, like Gecko) Chrome/145.0.0.0 Safari/537.36	2026-02-20 18:33:29.213505+01	\N	\N	\N	\N	6
190	127.0.0.1	Mozilla/5.0 (Windows NT 10.0; Win64; x64) AppleWebKit/537.36 (KHTML, like Gecko) Chrome/145.0.0.0 Safari/537.36	Mozilla/5.0 (Windows NT 10.0; Win64; x64) AppleWebKit/537.36 (KHTML, like Gecko) Chrome/145.0.0.0 Safari/537.36	2026-02-20 18:33:37.874109+01	\N	\N	\N	\N	6
191	127.0.0.1	Mozilla/5.0 (Windows NT 10.0; Win64; x64) AppleWebKit/537.36 (KHTML, like Gecko) Chrome/145.0.0.0 Safari/537.36 Edg/145.0.0.0	Mozilla/5.0 (Windows NT 10.0; Win64; x64) AppleWebKit/537.36 (KHTML, like Gecko) Chrome/145.0.0.0 Safari/537.36 Edg/145.0.0.0	2026-02-20 22:50:18.518449+01	\N	\N	\N	\N	6
193	127.0.0.1	Mozilla/5.0 (Windows NT 10.0; Win64; x64) AppleWebKit/537.36 (KHTML, like Gecko) Chrome/145.0.0.0 Safari/537.36	Mozilla/5.0 (Windows NT 10.0; Win64; x64) AppleWebKit/537.36 (KHTML, like Gecko) Chrome/145.0.0.0 Safari/537.36	2026-02-21 10:25:18.742329+01	\N	\N	\N	\N	6
192	127.0.0.1	Mozilla/5.0 (Windows NT 10.0; Win64; x64) AppleWebKit/537.36 (KHTML, like Gecko) Chrome/145.0.0.0 Safari/537.36	Mozilla/5.0 (Windows NT 10.0; Win64; x64) AppleWebKit/537.36 (KHTML, like Gecko) Chrome/145.0.0.0 Safari/537.36	2026-02-21 10:23:55.228763+01	\N	\N	\N	\N	6
194	127.0.0.1	Mozilla/5.0 (Windows NT 10.0; Win64; x64) AppleWebKit/537.36 (KHTML, like Gecko) Chrome/145.0.0.0 Safari/537.36	Mozilla/5.0 (Windows NT 10.0; Win64; x64) AppleWebKit/537.36 (KHTML, like Gecko) Chrome/145.0.0.0 Safari/537.36	2026-02-21 10:25:37.132527+01	\N	\N	\N	\N	6
195	127.0.0.1	Mozilla/5.0 (Windows NT 10.0; Win64; x64) AppleWebKit/537.36 (KHTML, like Gecko) Chrome/145.0.0.0 Safari/537.36	Mozilla/5.0 (Windows NT 10.0; Win64; x64) AppleWebKit/537.36 (KHTML, like Gecko) Chrome/145.0.0.0 Safari/537.36	2026-02-21 10:26:03.729144+01	\N	\N	\N	\N	6
196	127.0.0.1	Mozilla/5.0 (Windows NT 10.0; Win64; x64) AppleWebKit/537.36 (KHTML, like Gecko) Chrome/145.0.0.0 Safari/537.36	Mozilla/5.0 (Windows NT 10.0; Win64; x64) AppleWebKit/537.36 (KHTML, like Gecko) Chrome/145.0.0.0 Safari/537.36	2026-02-21 10:27:12.292443+01	\N	\N	\N	\N	6
197	127.0.0.1	Mozilla/5.0 (Windows NT 10.0; Win64; x64) AppleWebKit/537.36 (KHTML, like Gecko) Chrome/145.0.0.0 Safari/537.36	Mozilla/5.0 (Windows NT 10.0; Win64; x64) AppleWebKit/537.36 (KHTML, like Gecko) Chrome/145.0.0.0 Safari/537.36	2026-02-21 10:28:55.246898+01	\N	\N	\N	\N	6
198	127.0.0.1	Mozilla/5.0 (Windows NT 10.0; Win64; x64) AppleWebKit/537.36 (KHTML, like Gecko) Chrome/145.0.0.0 Safari/537.36	Mozilla/5.0 (Windows NT 10.0; Win64; x64) AppleWebKit/537.36 (KHTML, like Gecko) Chrome/145.0.0.0 Safari/537.36	2026-02-21 10:30:41.275125+01	\N	\N	\N	\N	6
199	127.0.0.1	Mozilla/5.0 (Windows NT 10.0; Win64; x64) AppleWebKit/537.36 (KHTML, like Gecko) Chrome/145.0.0.0 Safari/537.36	Mozilla/5.0 (Windows NT 10.0; Win64; x64) AppleWebKit/537.36 (KHTML, like Gecko) Chrome/145.0.0.0 Safari/537.36	2026-02-21 21:14:41.365567+01	\N	\N	\N	\N	6
200	127.0.0.1	Mozilla/5.0 (Windows NT 10.0; Win64; x64) AppleWebKit/537.36 (KHTML, like Gecko) Chrome/145.0.0.0 Safari/537.36	Mozilla/5.0 (Windows NT 10.0; Win64; x64) AppleWebKit/537.36 (KHTML, like Gecko) Chrome/145.0.0.0 Safari/537.36	2026-02-22 12:11:02.263985+01	\N	\N	\N	\N	6
201	127.0.0.1	Mozilla/5.0 (Windows NT 10.0; Win64; x64) AppleWebKit/537.36 (KHTML, like Gecko) Chrome/145.0.0.0 Safari/537.36 Edg/145.0.0.0	Mozilla/5.0 (Windows NT 10.0; Win64; x64) AppleWebKit/537.36 (KHTML, like Gecko) Chrome/145.0.0.0 Safari/537.36 Edg/145.0.0.0	2026-02-22 14:25:34.639275+01	\N	\N	\N	\N	12
202	127.0.0.1	Mozilla/5.0 (Windows NT 10.0; Win64; x64) AppleWebKit/537.36 (KHTML, like Gecko) Chrome/145.0.0.0 Safari/537.36 Edg/145.0.0.0	Mozilla/5.0 (Windows NT 10.0; Win64; x64) AppleWebKit/537.36 (KHTML, like Gecko) Chrome/145.0.0.0 Safari/537.36 Edg/145.0.0.0	2026-02-22 14:25:42.962303+01	\N	\N	\N	\N	12
203	127.0.0.1	Mozilla/5.0 (Windows NT 10.0; Win64; x64) AppleWebKit/537.36 (KHTML, like Gecko) Chrome/145.0.0.0 Safari/537.36 Edg/145.0.0.0	Mozilla/5.0 (Windows NT 10.0; Win64; x64) AppleWebKit/537.36 (KHTML, like Gecko) Chrome/145.0.0.0 Safari/537.36 Edg/145.0.0.0	2026-02-22 14:27:23.237607+01	2026-02-22 14:57:07.622399+01	\N	\N	\N	12
204	127.0.0.1	Mozilla/5.0 (Windows NT 10.0; Win64; x64) AppleWebKit/537.36 (KHTML, like Gecko) Chrome/145.0.0.0 Safari/537.36	Mozilla/5.0 (Windows NT 10.0; Win64; x64) AppleWebKit/537.36 (KHTML, like Gecko) Chrome/145.0.0.0 Safari/537.36	2026-02-22 14:45:47.266714+01	2026-02-22 15:23:44.831787+01	\N	\N	\N	6
205	127.0.0.1	Mozilla/5.0 (Windows NT 10.0; Win64; x64) AppleWebKit/537.36 (KHTML, like Gecko) Chrome/145.0.0.0 Safari/537.36	Mozilla/5.0 (Windows NT 10.0; Win64; x64) AppleWebKit/537.36 (KHTML, like Gecko) Chrome/145.0.0.0 Safari/537.36	2026-02-22 20:59:15.234332+01	\N	\N	\N	\N	6
206	127.0.0.1	Mozilla/5.0 (Windows NT 10.0; Win64; x64) AppleWebKit/537.36 (KHTML, like Gecko) Chrome/145.0.0.0 Safari/537.36 Edg/145.0.0.0	Mozilla/5.0 (Windows NT 10.0; Win64; x64) AppleWebKit/537.36 (KHTML, like Gecko) Chrome/145.0.0.0 Safari/537.36 Edg/145.0.0.0	2026-02-22 21:01:40.269022+01	\N	\N	\N	\N	12
207	127.0.0.1	Mozilla/5.0 (Windows NT 10.0; Win64; x64) AppleWebKit/537.36 (KHTML, like Gecko) Chrome/145.0.0.0 Safari/537.36	Mozilla/5.0 (Windows NT 10.0; Win64; x64) AppleWebKit/537.36 (KHTML, like Gecko) Chrome/145.0.0.0 Safari/537.36	2026-02-23 10:05:07.884245+01	\N	\N	\N	\N	6
208	127.0.0.1	Mozilla/5.0 (Windows NT 10.0; Win64; x64) AppleWebKit/537.36 (KHTML, like Gecko) Chrome/145.0.0.0 Safari/537.36	Mozilla/5.0 (Windows NT 10.0; Win64; x64) AppleWebKit/537.36 (KHTML, like Gecko) Chrome/145.0.0.0 Safari/537.36	2026-02-23 10:55:01.008633+01	\N	\N	\N	\N	6
209	127.0.0.1	Mozilla/5.0 (Windows NT 10.0; Win64; x64) AppleWebKit/537.36 (KHTML, like Gecko) Chrome/145.0.0.0 Safari/537.36	Mozilla/5.0 (Windows NT 10.0; Win64; x64) AppleWebKit/537.36 (KHTML, like Gecko) Chrome/145.0.0.0 Safari/537.36	2026-02-23 10:55:22.07922+01	\N	\N	\N	\N	6
210	127.0.0.1	Mozilla/5.0 (Windows NT 10.0; Win64; x64) AppleWebKit/537.36 (KHTML, like Gecko) Chrome/145.0.0.0 Safari/537.36	Mozilla/5.0 (Windows NT 10.0; Win64; x64) AppleWebKit/537.36 (KHTML, like Gecko) Chrome/145.0.0.0 Safari/537.36	2026-02-25 00:01:47.393279+01	2026-02-25 01:15:04.495712+01	\N	\N	\N	6
211	127.0.0.1	Mozilla/5.0 (Windows NT 10.0; Win64; x64) AppleWebKit/537.36 (KHTML, like Gecko) Chrome/145.0.0.0 Safari/537.36	Mozilla/5.0 (Windows NT 10.0; Win64; x64) AppleWebKit/537.36 (KHTML, like Gecko) Chrome/145.0.0.0 Safari/537.36	2026-02-25 01:15:27.961968+01	2026-02-25 03:40:04.381545+01	\N	\N	\N	6
212	127.0.0.1	Mozilla/5.0 (Windows NT 10.0; Win64; x64) AppleWebKit/537.36 (KHTML, like Gecko) Chrome/145.0.0.0 Safari/537.36	Mozilla/5.0 (Windows NT 10.0; Win64; x64) AppleWebKit/537.36 (KHTML, like Gecko) Chrome/145.0.0.0 Safari/537.36	2026-02-25 10:23:59.662906+01	\N	\N	\N	\N	6
213	127.0.0.1	Mozilla/5.0 (Windows NT 10.0; Win64; x64) AppleWebKit/537.36 (KHTML, like Gecko) Chrome/145.0.0.0 Safari/537.36	Mozilla/5.0 (Windows NT 10.0; Win64; x64) AppleWebKit/537.36 (KHTML, like Gecko) Chrome/145.0.0.0 Safari/537.36	2026-02-25 22:42:41.283475+01	\N	\N	\N	\N	6
214	127.0.0.1	Mozilla/5.0 (Windows NT 10.0; Win64; x64) AppleWebKit/537.36 (KHTML, like Gecko) Chrome/145.0.0.0 Safari/537.36	Mozilla/5.0 (Windows NT 10.0; Win64; x64) AppleWebKit/537.36 (KHTML, like Gecko) Chrome/145.0.0.0 Safari/537.36	2026-02-25 22:43:03.191477+01	\N	\N	\N	\N	6
215	127.0.0.1	Mozilla/5.0 (Windows NT 10.0; Win64; x64) AppleWebKit/537.36 (KHTML, like Gecko) Chrome/145.0.0.0 Safari/537.36	Mozilla/5.0 (Windows NT 10.0; Win64; x64) AppleWebKit/537.36 (KHTML, like Gecko) Chrome/145.0.0.0 Safari/537.36	2026-02-25 22:43:17.389326+01	\N	\N	\N	\N	6
216	127.0.0.1	Mozilla/5.0 (Windows NT 10.0; Win64; x64) AppleWebKit/537.36 (KHTML, like Gecko) Chrome/145.0.0.0 Safari/537.36	Mozilla/5.0 (Windows NT 10.0; Win64; x64) AppleWebKit/537.36 (KHTML, like Gecko) Chrome/145.0.0.0 Safari/537.36	2026-02-25 22:43:58.681708+01	\N	\N	\N	\N	6
217	127.0.0.1	Mozilla/5.0 (Windows NT 10.0; Win64; x64) AppleWebKit/537.36 (KHTML, like Gecko) Chrome/145.0.0.0 Safari/537.36	Mozilla/5.0 (Windows NT 10.0; Win64; x64) AppleWebKit/537.36 (KHTML, like Gecko) Chrome/145.0.0.0 Safari/537.36	2026-02-25 22:44:55.748636+01	\N	\N	\N	\N	6
218	127.0.0.1	Mozilla/5.0 (Windows NT 10.0; Win64; x64) AppleWebKit/537.36 (KHTML, like Gecko) Chrome/145.0.0.0 Safari/537.36	Mozilla/5.0 (Windows NT 10.0; Win64; x64) AppleWebKit/537.36 (KHTML, like Gecko) Chrome/145.0.0.0 Safari/537.36	2026-02-26 09:54:26.494401+01	\N	\N	\N	\N	6
222	127.0.0.1	Mozilla/5.0 (Windows NT 10.0; Win64; x64) AppleWebKit/537.36 (KHTML, like Gecko) Chrome/145.0.0.0 Safari/537.36	Mozilla/5.0 (Windows NT 10.0; Win64; x64) AppleWebKit/537.36 (KHTML, like Gecko) Chrome/145.0.0.0 Safari/537.36	2026-02-26 13:30:12.377908+01	\N	\N	\N	\N	6
219	127.0.0.1	Mozilla/5.0 (Windows NT 10.0; Win64; x64) AppleWebKit/537.36 (KHTML, like Gecko) Chrome/145.0.0.0 Safari/537.36	Mozilla/5.0 (Windows NT 10.0; Win64; x64) AppleWebKit/537.36 (KHTML, like Gecko) Chrome/145.0.0.0 Safari/537.36	2026-02-26 13:30:12.372983+01	\N	\N	\N	\N	6
221	127.0.0.1	Mozilla/5.0 (Windows NT 10.0; Win64; x64) AppleWebKit/537.36 (KHTML, like Gecko) Chrome/145.0.0.0 Safari/537.36	Mozilla/5.0 (Windows NT 10.0; Win64; x64) AppleWebKit/537.36 (KHTML, like Gecko) Chrome/145.0.0.0 Safari/537.36	2026-02-26 13:30:12.372983+01	\N	\N	\N	\N	6
220	127.0.0.1	Mozilla/5.0 (Windows NT 10.0; Win64; x64) AppleWebKit/537.36 (KHTML, like Gecko) Chrome/145.0.0.0 Safari/537.36	Mozilla/5.0 (Windows NT 10.0; Win64; x64) AppleWebKit/537.36 (KHTML, like Gecko) Chrome/145.0.0.0 Safari/537.36	2026-02-26 13:30:12.372983+01	\N	\N	\N	\N	6
223	127.0.0.1	Mozilla/5.0 (Windows NT 10.0; Win64; x64) AppleWebKit/537.36 (KHTML, like Gecko) Chrome/145.0.0.0 Safari/537.36	Mozilla/5.0 (Windows NT 10.0; Win64; x64) AppleWebKit/537.36 (KHTML, like Gecko) Chrome/145.0.0.0 Safari/537.36	2026-02-26 13:31:00.57138+01	\N	\N	\N	\N	6
224	127.0.0.1	Mozilla/5.0 (Windows NT 10.0; Win64; x64) AppleWebKit/537.36 (KHTML, like Gecko) Chrome/145.0.0.0 Safari/537.36	Mozilla/5.0 (Windows NT 10.0; Win64; x64) AppleWebKit/537.36 (KHTML, like Gecko) Chrome/145.0.0.0 Safari/537.36	2026-02-26 18:21:46.384054+01	\N	\N	\N	\N	6
\.


--
-- Data for Name: inscricao; Type: TABLE DATA; Schema: public; Owner: postgres
--

COPY public.inscricao (id_inscricao, data_inscricao, nome_candidato, documento_candidato, resultado_avaliacao) FROM stdin;
\.


--
-- Data for Name: lista_espera; Type: TABLE DATA; Schema: public; Owner: postgres
--

COPY public.lista_espera (id, criado_em, atualizado_em, data_entrada, prioridade, observacao, status, candidato_id) FROM stdin;
\.


--
-- Data for Name: matricula; Type: TABLE DATA; Schema: public; Owner: postgres
--

COPY public.matricula (id_matricula, data_matricula, ativo, id_aluno_id, id_turma_id, ano_lectivo_id, status, tipo, doc_bi, doc_certificado, numero_inscricao) FROM stdin;
35	2026-02-14	t	150	26	1	Concluida	Novo	candidatos/bi/funcionalidades_sistema_matriculas_P8iQugW.pdf	candidatos/certificados/Curriculo_Aguinaldo_Victoriano_Jose_Arnaldo_Qg72MHd.pdf	\N
34	2026-02-14	t	147	26	1	Concluida	Novo	matriculas/documentos/RNCGFFWE_certificado_Aguinaldo.pdf	matriculas/documentos/funcionalidades_sistema_matriculas.pdf	\N
16	2026-02-14	t	126	26	1	Concluida	Novo	matriculas/documentos/dummy_bi_haMugXq.pdf	matriculas/documentos/dummy_cert_1MuvMs1.pdf	\N
15	2026-02-14	t	124	26	1	Concluida	Novo	matriculas/documentos/dummy_bi_XvrrEnM.pdf	matriculas/documentos/dummy_cert_xTDUmfc.pdf	\N
17	2026-02-14	t	127	26	1	Concluida	Novo	matriculas/documentos/dummy_bi_gNdNsaY.pdf	matriculas/documentos/dummy_cert_xjiimXF.pdf	\N
18	2026-02-14	t	128	26	1	Concluida	Novo	matriculas/documentos/dummy_bi_q6Sl4pc.pdf	matriculas/documentos/dummy_cert_TRk7Rb6.pdf	\N
19	2026-02-14	t	130	26	1	Concluida	Novo	matriculas/documentos/dummy_bi_yI4IutZ.pdf	matriculas/documentos/dummy_cert_szvNMvw.pdf	\N
20	2026-02-14	t	129	26	1	Concluida	Novo	matriculas/documentos/dummy_bi_3MHChtb.pdf	matriculas/documentos/dummy_cert_SjT2Tey.pdf	\N
40	2026-02-20	t	158	32	11	Concluida	Transferencia	matriculas/documentos/Programa_Formacao_Python.pdf	matriculas/documentos/Questionario_Requisitos_Matricula_Instituto_Mayombe.pdf	\N
39	2026-02-19	t	156	31	5	Concluida	Novo	candidatos/bi/ChatGPT_Image_26_10_2025_16_06_50.png	candidatos/certificados/ChatGPT_Image_26_10_2025_16_06_50.png	\N
38	2026-02-16	t	155	29	4	Concluida	Novo	candidatos/bi/Questionario_Requisitos_Matricula_Instituto_Mayombe_O9iJmVy.pdf	candidatos/certificados/Programa_Formacao_Python_JlCjZMY.pdf	\N
42	2026-02-23	t	159	33	13	Ativa	Confirmacao	candidatos/bi/funcionalidades_sistema_matriculas_ot05Gzh.pdf	candidatos/certificados/Curriculo_Aguinaldo_Victoriano_Jose_Arnaldo_IM556MG.pdf	1
44	2026-02-25	t	156	36	13	Ativa	Confirmacao	candidatos/bi/ChatGPT_Image_26_10_2025_16_06_50.png	candidatos/certificados/ChatGPT_Image_26_10_2025_16_06_50.png	\N
43	2026-02-23	t	158	33	13	Ativa	Confirmacao	matriculas/documentos/Programa_Formacao_Python.pdf	matriculas/documentos/Questionario_Requisitos_Matricula_Instituto_Mayombe.pdf	\N
21	2026-02-14	t	131	26	1	Concluida	Novo	matriculas/documentos/dummy_bi_xmguQpZ.pdf	matriculas/documentos/dummy_cert_JxraJjq.pdf	\N
22	2026-02-14	t	132	26	1	Concluida	Novo	matriculas/documentos/dummy_bi_3arVTG9.pdf	matriculas/documentos/dummy_cert_58CCUlb.pdf	\N
23	2026-02-14	t	133	26	1	Concluida	Novo	matriculas/documentos/dummy_bi_r1Eptqc.pdf	matriculas/documentos/dummy_cert_FCyEVZ0.pdf	\N
24	2026-02-14	t	136	26	1	Concluida	Novo	matriculas/documentos/dummy_bi_CMwjoMP.pdf	matriculas/documentos/dummy_cert_UvaAfQC.pdf	\N
25	2026-02-14	t	137	26	1	Concluida	Novo	matriculas/documentos/dummy_bi_r5ZyuC6.pdf	matriculas/documentos/dummy_cert_NfECB7O.pdf	\N
26	2026-02-14	t	135	26	1	Concluida	Novo	matriculas/documentos/dummy_bi_vTgjLsg.pdf	matriculas/documentos/dummy_cert_7OhK1Ib.pdf	\N
27	2026-02-14	t	134	26	1	Concluida	Novo	matriculas/documentos/dummy_bi_fQqqPN6.pdf	matriculas/documentos/dummy_cert_s8iXngh.pdf	\N
28	2026-02-14	t	139	26	1	Concluida	Novo	matriculas/documentos/dummy_bi_o3ZKI1T.pdf	matriculas/documentos/dummy_cert_7pnkPSY.pdf	\N
29	2026-02-14	t	141	26	1	Concluida	Novo	matriculas/documentos/dummy_bi_0Dzf2NY.pdf	matriculas/documentos/dummy_cert_zb5ywUT.pdf	\N
36	2026-02-14	t	151	25	1	Concluida	Novo	matriculas/documentos/Curriculo_Aguinaldo_Victoriano_Jose_Arnaldo.pdf	matriculas/documentos/funcionalidades_sistema_matriculas_rxbPmUE.pdf	\N
30	2026-02-14	t	142	26	1	Concluida	Novo	matriculas/documentos/dummy_bi_CWtfkyX.pdf	matriculas/documentos/dummy_cert_iq5VpwX.pdf	\N
31	2026-02-14	t	138	26	1	Concluida	Novo	matriculas/documentos/dummy_bi_o3vD32T.pdf	matriculas/documentos/dummy_cert_MnLFRsA.pdf	\ 
32	2026-02-14	t	140	26	1	Concluida	Novo	matriculas/documentos/dummy_bi_TA9pG2G.pdf	matriculas/documentos/dummy_cert_NlikyYJ.pdf	\N
33	2026-02-14	t	143	26	1	Concluida	Novo	matriculas/documentos/dummy_bi_YtAdkG0.pdf	matriculas/documentos/dummy_cert_bcinOPb.pdf	\N
41	2026-02-23	t	159	25	1	Concluida	Novo	candidatos/bi/funcionalidades_sistema_matriculas_ot05Gzh.pdf	candidatos/certificados/Curriculo_Aguinaldo_Victoriano_Jose_Arnaldo_IM556MG.pdf	\N
\.


--
-- Data for Name: nota; Type: TABLE DATA; Schema: public; Owner: postgres
--

COPY public.nota (id_nota, tipo_avaliacao, valor, data_lancamento, id_aluno_id, id_disciplina_id, id_professor_id, id_turma_id) FROM stdin;
\.


--
-- Data for Name: notificacao; Type: TABLE DATA; Schema: public; Owner: postgres
--

COPY public.notificacao (id_notificacao, titulo, mensagem, lida, data_criacao, tipo, link) FROM stdin;
\.


--
-- Data for Name: pagamento; Type: TABLE DATA; Schema: public; Owner: postgres
--

COPY public.pagamento (criado_em, atualizado_em, id_pagamento, valor_pago, metodo_pagamento, comprovante_path, id_fatura_id, id_recebedor_id) FROM stdin;
\.


--
-- Data for Name: periodo; Type: TABLE DATA; Schema: public; Owner: postgres
--

COPY public.periodo (id_periodo, periodo, id_responsavel_id) FROM stdin;
1	Tarde	1
2	Manhã	\N
3	Noite	\N
\.


--
-- Data for Name: professor_disciplina; Type: TABLE DATA; Schema: public; Owner: postgres
--

COPY public.professor_disciplina (id_professor_disciplina, id_disciplina_id, id_funcionario_id, id_turma_id) FROM stdin;
\.


--
-- Data for Name: rup_candidato; Type: TABLE DATA; Schema: public; Owner: postgres
--

COPY public.rup_candidato (criado_em, atualizado_em, id, valor, data_pagamento, codigo_rup, data_expiracao, data_geracao, inscricao_id, referencia_banco, resposta_api, status_rup) FROM stdin;
2026-02-23 01:42:19.003508+01	2026-02-23 01:42:19.003508+01	16	4000.00	\N	2026.21535572	2026-02-25 01:42:18.997532+01	2026-02-23 01:42:18.997532+01	173	\N	\N	PENDENTE
2026-02-23 01:52:37.643335+01	2026-02-23 01:58:36.568772+01	17	4000.00	2026-02-23 01:58:36.563311+01	2026.63093054	2026-02-25 01:52:37.636339+01	2026-02-23 01:52:37.636339+01	174	\N	\N	PAGO
2026-02-23 02:11:51.12576+01	2026-02-23 02:12:25.29353+01	18	4000.00	2026-02-23 02:12:25.286908+01	2026.70835478	2026-02-25 02:11:51.119209+01	2026-02-23 02:11:51.119209+01	175	\N	\N	PAGO
2026-02-25 13:04:00.870619+01	2026-02-25 13:05:09.56136+01	19	4000.00	2026-02-25 13:05:09.56136+01	2026.60665148	2026-02-27 13:04:00.854793+01	2026-02-25 13:04:00.854793+01	176	\N	\N	PAGO
\.


--
-- Data for Name: sala; Type: TABLE DATA; Schema: public; Owner: postgres
--

COPY public.sala (criado_em, atualizado_em, id_sala, numero_sala, capacidade_alunos, bloco) FROM stdin;
2026-01-17 13:19:45.018226+01	2026-01-17 13:19:45.018226+01	4	4	40	
2026-01-17 13:19:45.022077+01	2026-01-17 13:19:45.022077+01	5	5	40	
2026-01-17 13:19:45.049461+01	2026-01-17 13:19:45.049461+01	6	6	40	
2026-01-17 13:19:45.053972+01	2026-01-17 13:19:45.053972+01	7	7	40	
2026-01-17 13:19:45.05797+01	2026-01-17 13:19:45.05797+01	8	8	40	
2026-01-17 13:19:45.062967+01	2026-01-17 13:19:45.062967+01	9	9	40	
2026-01-17 13:19:45.066964+01	2026-01-17 13:19:45.066964+01	10	10	40	
2026-01-18 10:58:22.43422+01	2026-01-18 10:58:22.43422+01	12	12	50	A
2026-01-17 13:19:44.948601+01	2026-01-18 11:12:41.291522+01	2	2	40	A
2026-01-17 13:19:45.013973+01	2026-01-18 11:22:04.606945+01	3	3	40	B
2026-01-18 01:58:06.977818+01	2026-02-11 18:50:33.106588+01	11	11	62	
2026-01-11 15:25:38.310407+01	2026-02-12 01:13:28.943947+01	1	1	50	B
2026-02-15 14:12:10.086373+01	2026-02-20 00:17:18.71693+01	13	13	53	A
2026-02-22 22:09:23.468816+01	2026-02-22 22:09:23.468816+01	16	14	50	A
2026-02-15 14:36:23.638497+01	2026-02-25 03:39:17.309608+01	14	19	51	B
\.


--
-- Data for Name: seccao; Type: TABLE DATA; Schema: public; Owner: postgres
--

COPY public.seccao (id_seccao, nome_seccao, id_departamento_id) FROM stdin;
\.


--
-- Data for Name: tipo_disciplina; Type: TABLE DATA; Schema: public; Owner: postgres
--

COPY public.tipo_disciplina (id_tipo_disciplina, nome_tipo, sigla) FROM stdin;
\.


--
-- Data for Name: turma; Type: TABLE DATA; Schema: public; Owner: postgres
--

COPY public.turma (criado_em, atualizado_em, id_turma, codigo_turma, ano, id_classe_id, id_curso_id, id_periodo_id, id_responsavel_id, id_sala_id, status, ano_lectivo_id, capacidade) FROM stdin;
2026-02-23 03:01:58.653772+01	2026-02-23 03:01:58.653772+01	36	5CO11T34	2033/2034	2	12	1	\N	5	Ativa	13	40
2026-02-19 13:54:31.107785+01	2026-02-19 13:54:31.107785+01	31	9CO10M30	2029/2030	1	12	2	\N	9	Concluida	5	40
2026-02-15 14:24:48.246259+01	2026-02-15 14:24:48.246259+01	28	6IN12M28	2027/2028	3	13	2	\N	6	Concluida	4	40
2026-02-15 14:32:51.797723+01	2026-02-15 14:32:51.797723+01	29	12CO10M28	2027/2028	1	12	2	\N	12	Concluida	4	50
2026-02-15 14:33:08.846364+01	2026-02-15 14:33:08.846364+01	30	1GE10M28	2027/2028	1	16	2	\N	1	Concluida	4	50
2026-02-20 12:14:29.157646+01	2026-02-20 12:14:29.157646+01	32	1IN10M31	2030/20231	1	13	2	\N	1	Concluida	11	49
2026-02-22 13:27:51.695535+01	2026-02-22 13:27:51.695535+01	33	1IN11M34	2033/2034	2	13	2	\N	1	Ativa	13	50
2026-02-22 14:28:28.860145+01	2026-02-22 14:28:28.860145+01	34	89GE11T34	2033/2034	2	16	1	\N	14	Ativa	13	51
2026-02-22 14:59:49.807453+01	2026-02-22 14:59:49.807453+01	35	12GE11M34	2033/2034	2	16	2	\N	12	Ativa	13	50
2026-01-20 21:16:43.663418+01	2026-02-12 01:11:11.366189+01	26	12CO10T27	2026/2027	1	12	1	1	12	Concluida	1	50
2026-01-19 17:10:34.232189+01	2026-02-13 15:39:58.136297+01	25	1IN10M27	2026/2027	1	13	2	\N	1	Concluida	1	46
2026-02-14 14:21:05.749702+01	2026-02-14 14:21:05.749702+01	27	12CO11M27	2026/2027	2	12	2	\N	12	Concluida	1	50
\.


--
-- Data for Name: usuario; Type: TABLE DATA; Schema: public; Owner: postgres
--

COPY public.usuario (criado_em, atualizado_em, id_usuario, nome_completo, email, senha_hash, is_active, is_superuser, permissoes, papel, is_funcionario, cargo_id, user_id, img_path, is_online) FROM stdin;
2026-01-27 22:53:47.017687+01	2026-01-27 22:53:47.017687+01	1	Administrador do Sistema	admin@school.com	pbkdf2_sha256$1000000$WYXMoy9JaSycQrfsU0TrsF$xKwzqoPtuFbQYDl0lQnKHln/1Hh14Wf6aiT5ZxU7iJw=	t	t	[]	Admin	t	\N	\N	\N	f
2026-01-28 00:54:18.97006+01	2026-02-25 01:14:51.495757+01	6	admin	aguinaldoarnaldo5@gmail.com		t	t	["view_dashboard", "view_relatorios", "view_inscritos", "manage_inscritos", "view_alunos", "create_aluno", "edit_aluno", "delete_aluno", "view_matriculas", "create_matricula", "edit_matricula", "manage_documentos", "view_turmas", "manage_turmas", "view_salas", "manage_salas", "view_cursos", "manage_cursos", "manage_disciplinas", "view_configuracoes", "manage_usuarios"]	Admin	f	8	1	image/usuarios/images/ChatGPT_Image_26_10_2025_16_02_06.png	t
2026-01-27 22:53:47.630854+01	2026-01-28 10:21:17.805076+01	3	Ines Jobino	inesjobino@gmail.com	pbkdf2_sha256$1000000$fNxMP7cMt3SfzCjKQFn1qM$oeM1QBhH/NM8r3WMUT67yiZyc0BlVrAPy6lGa1jReSQ=	t	f	[]	Comum	t	\N	\N		f
2026-01-27 22:53:47.652917+01	2026-01-28 10:21:17.811572+01	4	Prof. Sebastião Manuel V2	professor_demo_v2@escola.ao	pbkdf2_sha256$1000000$nyo2t3qt3WVZtYAgjsTZO3$IJWrQJSTgcgbIq0ZCySaPqTkaHn5TZl5qh7sJ9hhh/o=	t	f	[]	Comum	t	\N	\N		f
2026-01-28 00:51:30.019065+01	2026-01-28 01:14:31.588522+01	5	Aguinaldo Arnaldo	aguinaldoarnaldo66@gmail.com		t	t	[]	Admin	f	\N	2		t
2026-01-28 01:17:21.616233+01	2026-02-15 12:47:39.281659+01	8	Manuela Lisboa	manuelalisboa207@gmail.com		t	f	["view_dashboard", "view_alunos", "create_aluno", "edit_aluno", "view_inscritos", "manage_inscritos", "view_matriculas", "create_matricula", "edit_matricula", "view_turmas", "view_salas", "view_cursos", "view_relatorios", "view_configuracoes", "view_financeiro", "create_pagamento"]	Admin	f	3	4	image/usuarios/images/ChatGPT_Image_26_10_2025_16_02_09.png	t
2026-02-19 13:24:26.697221+01	2026-02-19 13:24:26.697221+01	13	Nyrella Silva	nirella@gmail.com		t	f	["view_dashboard"]	Comum	f	\N	7		f
2026-01-27 22:53:47.581885+01	2026-02-15 16:15:03.869449+01	2	Aguinaldo Arnaldo Victoriano José Arnaldo	arnaldoarnaldoarmando@gmail.com	pbkdf2_sha256$1000000$1I5wbb6Qb5OkU1D9CRYDap$4CZOjm7IvK7j1Fn4z/uib61eLCGhId1Z108ea1droZ8=	t	f	[]	Comum	t	\N	\N		t
2026-02-15 16:38:51.173845+01	2026-02-22 14:27:03.616155+01	12	Andre Miguel	andremiguel@gmail.com		t	f	["view_dashboard", "view_alunos", "create_aluno", "edit_aluno", "view_matriculas", "create_matricula", "edit_matricula", "view_turmas", "view_salas", "view_financeiro", "create_pagamento", "view_inscritos", "view_configuracoes", "manage_configuracoes", "manage_inscritos", "view_cursos", "manage_salas", "manage_turmas"]	Comum	f	\N	6	image/usuarios/images/WhatsApp_Image_2025-12-20_at_22.58.31.jpeg	t
2026-02-15 13:10:32.928973+01	2026-02-15 14:02:53.979487+01	11				t	f	["view_dashboard", "view_relatorios", "manage_usuarios", "view_configuracoes", "manage_configuracoes", "manage_backup", "view_alunos", "create_aluno", "edit_aluno", "delete_aluno", "view_inscritos", "manage_inscritos", "view_lista_espera", "manage_lista_espera", "view_matriculas", "create_matricula", "edit_matricula", "view_turmas", "manage_turmas", "view_salas", "manage_salas", "view_cursos", "manage_cursos", "manage_disciplinas", "view_notas", "manage_notas", "view_faltas", "manage_faltas", "view_financeiro", "manage_financeiro", "create_pagamento", "delete_financeiro"]	Comum	f	\N	5		f
\.


--
-- Data for Name: vaga_curso; Type: TABLE DATA; Schema: public; Owner: postgres
--

COPY public.vaga_curso (id, criado_em, atualizado_em, vagas, ano_lectivo_id, id_curso_id) FROM stdin;
2	2026-02-22 14:01:43.405562+01	2026-02-22 14:01:43.405562+01	0	13	12
4	2026-02-22 14:02:10.53889+01	2026-02-22 14:02:10.53889+01	0	13	13
1	2026-02-22 01:10:05.890816+01	2026-02-22 22:11:18.315752+01	290	13	15
5	2026-02-23 01:51:19.05057+01	2026-02-23 01:51:31.800614+01	8698	1	15
3	2026-02-22 14:02:09.043126+01	2026-02-23 13:54:12.503431+01	5388	13	16
\.


--
-- Name: aluno_encarregado_id_aluno_encarregado_seq; Type: SEQUENCE SET; Schema: public; Owner: postgres
--

SELECT pg_catalog.setval('public.aluno_encarregado_id_aluno_encarregado_seq', 31, true);


--
-- Name: aluno_id_aluno_seq; Type: SEQUENCE SET; Schema: public; Owner: postgres
--

SELECT pg_catalog.setval('public.aluno_id_aluno_seq', 159, true);


--
-- Name: ano_lectivo_id_ano_seq; Type: SEQUENCE SET; Schema: public; Owner: postgres
--

SELECT pg_catalog.setval('public.ano_lectivo_id_ano_seq', 13, true);


--
-- Name: area_formacao_id_area_formacao_seq; Type: SEQUENCE SET; Schema: public; Owner: postgres
--

SELECT pg_catalog.setval('public.area_formacao_id_area_formacao_seq', 4, true);


--
-- Name: auth_group_id_seq; Type: SEQUENCE SET; Schema: public; Owner: postgres
--

SELECT pg_catalog.setval('public.auth_group_id_seq', 5, true);


--
-- Name: auth_group_permissions_id_seq; Type: SEQUENCE SET; Schema: public; Owner: postgres
--

SELECT pg_catalog.setval('public.auth_group_permissions_id_seq', 209, true);


--
-- Name: auth_permission_id_seq; Type: SEQUENCE SET; Schema: public; Owner: postgres
--

SELECT pg_catalog.setval('public.auth_permission_id_seq', 184, true);


--
-- Name: auth_user_groups_id_seq; Type: SEQUENCE SET; Schema: public; Owner: postgres
--

SELECT pg_catalog.setval('public.auth_user_groups_id_seq', 11, true);


--
-- Name: auth_user_id_seq; Type: SEQUENCE SET; Schema: public; Owner: postgres
--

SELECT pg_catalog.setval('public.auth_user_id_seq', 7, true);


--
-- Name: auth_user_user_permissions_id_seq; Type: SEQUENCE SET; Schema: public; Owner: postgres
--

SELECT pg_catalog.setval('public.auth_user_user_permissions_id_seq', 540, true);


--
-- Name: candidato_id_candidato_seq; Type: SEQUENCE SET; Schema: public; Owner: postgres
--

SELECT pg_catalog.setval('public.candidato_id_candidato_seq', 176, true);


--
-- Name: cargo_funcionario_id_cargo_funcionario_seq; Type: SEQUENCE SET; Schema: public; Owner: postgres
--

SELECT pg_catalog.setval('public.cargo_funcionario_id_cargo_funcionario_seq', 1, false);


--
-- Name: cargo_id_cargo_seq; Type: SEQUENCE SET; Schema: public; Owner: postgres
--

SELECT pg_catalog.setval('public.cargo_id_cargo_seq', 8, true);


--
-- Name: classe_id_classe_seq; Type: SEQUENCE SET; Schema: public; Owner: postgres
--

SELECT pg_catalog.setval('public.classe_id_classe_seq', 4, true);


--
-- Name: configuracao_id_config_seq; Type: SEQUENCE SET; Schema: public; Owner: postgres
--

SELECT pg_catalog.setval('public.configuracao_id_config_seq', 1, false);


--
-- Name: curso_id_curso_seq; Type: SEQUENCE SET; Schema: public; Owner: postgres
--

SELECT pg_catalog.setval('public.curso_id_curso_seq', 16, true);


--
-- Name: departamento_id_departamento_seq; Type: SEQUENCE SET; Schema: public; Owner: postgres
--

SELECT pg_catalog.setval('public.departamento_id_departamento_seq', 1, false);


--
-- Name: disciplina_curso_id_disciplina_curso_seq; Type: SEQUENCE SET; Schema: public; Owner: postgres
--

SELECT pg_catalog.setval('public.disciplina_curso_id_disciplina_curso_seq', 1, false);


--
-- Name: disciplina_id_disciplina_seq; Type: SEQUENCE SET; Schema: public; Owner: postgres
--

SELECT pg_catalog.setval('public.disciplina_id_disciplina_seq', 1, false);


--
-- Name: django_admin_log_id_seq; Type: SEQUENCE SET; Schema: public; Owner: postgres
--

SELECT pg_catalog.setval('public.django_admin_log_id_seq', 222, true);


--
-- Name: django_content_type_id_seq; Type: SEQUENCE SET; Schema: public; Owner: postgres
--

SELECT pg_catalog.setval('public.django_content_type_id_seq', 46, true);


--
-- Name: django_migrations_id_seq; Type: SEQUENCE SET; Schema: public; Owner: postgres
--

SELECT pg_catalog.setval('public.django_migrations_id_seq', 83, true);


--
-- Name: encarregado_id_encarregado_seq; Type: SEQUENCE SET; Schema: public; Owner: postgres
--

SELECT pg_catalog.setval('public.encarregado_id_encarregado_seq', 28, true);


--
-- Name: exame_admissao_id_exame_seq; Type: SEQUENCE SET; Schema: public; Owner: postgres
--

SELECT pg_catalog.setval('public.exame_admissao_id_exame_seq', 23, true);


--
-- Name: falta_aluno_id_falta_seq; Type: SEQUENCE SET; Schema: public; Owner: postgres
--

SELECT pg_catalog.setval('public.falta_aluno_id_falta_seq', 1, false);


--
-- Name: fatura_id_fatura_seq; Type: SEQUENCE SET; Schema: public; Owner: postgres
--

SELECT pg_catalog.setval('public.fatura_id_fatura_seq', 1, false);


--
-- Name: funcionario_id_funcionario_seq; Type: SEQUENCE SET; Schema: public; Owner: postgres
--

SELECT pg_catalog.setval('public.funcionario_id_funcionario_seq', 5, true);


--
-- Name: historico_escolar_id_historico_seq; Type: SEQUENCE SET; Schema: public; Owner: postgres
--

SELECT pg_catalog.setval('public.historico_escolar_id_historico_seq', 1, true);


--
-- Name: historico_id_historico_seq; Type: SEQUENCE SET; Schema: public; Owner: postgres
--

SELECT pg_catalog.setval('public.historico_id_historico_seq', 29, true);


--
-- Name: historico_login_id_historico_login_seq; Type: SEQUENCE SET; Schema: public; Owner: postgres
--

SELECT pg_catalog.setval('public.historico_login_id_historico_login_seq', 224, true);


--
-- Name: inscricao_id_inscricao_seq; Type: SEQUENCE SET; Schema: public; Owner: postgres
--

SELECT pg_catalog.setval('public.inscricao_id_inscricao_seq', 1, false);


--
-- Name: lista_espera_id_seq; Type: SEQUENCE SET; Schema: public; Owner: postgres
--

SELECT pg_catalog.setval('public.lista_espera_id_seq', 1, false);


--
-- Name: matricula_id_matricula_seq; Type: SEQUENCE SET; Schema: public; Owner: postgres
--

SELECT pg_catalog.setval('public.matricula_id_matricula_seq', 44, true);


--
-- Name: nota_id_nota_seq; Type: SEQUENCE SET; Schema: public; Owner: postgres
--

SELECT pg_catalog.setval('public.nota_id_nota_seq', 1, false);


--
-- Name: notificacao_id_notificacao_seq; Type: SEQUENCE SET; Schema: public; Owner: postgres
--

SELECT pg_catalog.setval('public.notificacao_id_notificacao_seq', 1, false);


--
-- Name: pagamento_id_pagamento_seq; Type: SEQUENCE SET; Schema: public; Owner: postgres
--

SELECT pg_catalog.setval('public.pagamento_id_pagamento_seq', 1, false);


--
-- Name: periodo_id_periodo_seq; Type: SEQUENCE SET; Schema: public; Owner: postgres
--

SELECT pg_catalog.setval('public.periodo_id_periodo_seq', 3, true);


--
-- Name: professor_disciplina_id_professor_disciplina_seq; Type: SEQUENCE SET; Schema: public; Owner: postgres
--

SELECT pg_catalog.setval('public.professor_disciplina_id_professor_disciplina_seq', 1, false);


--
-- Name: rupe_candidato_id_rupe_seq; Type: SEQUENCE SET; Schema: public; Owner: postgres
--

SELECT pg_catalog.setval('public.rupe_candidato_id_rupe_seq', 19, true);


--
-- Name: sala_id_sala_seq; Type: SEQUENCE SET; Schema: public; Owner: postgres
--

SELECT pg_catalog.setval('public.sala_id_sala_seq', 16, true);


--
-- Name: seccao_id_seccao_seq; Type: SEQUENCE SET; Schema: public; Owner: postgres
--

SELECT pg_catalog.setval('public.seccao_id_seccao_seq', 1, false);


--
-- Name: tipo_disciplina_id_tipo_disciplina_seq; Type: SEQUENCE SET; Schema: public; Owner: postgres
--

SELECT pg_catalog.setval('public.tipo_disciplina_id_tipo_disciplina_seq', 1, false);


--
-- Name: turma_id_turma_seq; Type: SEQUENCE SET; Schema: public; Owner: postgres
--

SELECT pg_catalog.setval('public.turma_id_turma_seq', 36, true);


--
-- Name: usuario_id_usuario_seq; Type: SEQUENCE SET; Schema: public; Owner: postgres
--

SELECT pg_catalog.setval('public.usuario_id_usuario_seq', 13, true);


--
-- Name: vaga_curso_id_seq; Type: SEQUENCE SET; Schema: public; Owner: postgres
--

SELECT pg_catalog.setval('public.vaga_curso_id_seq', 5, true);


--
-- Name: aluno aluno_email_key; Type: CONSTRAINT; Schema: public; Owner: postgres
--

ALTER TABLE ONLY public.aluno
    ADD CONSTRAINT aluno_email_key UNIQUE (email);


--
-- Name: aluno_encarregado aluno_encarregado_id_aluno_id_id_encarregado_id_978396ef_uniq; Type: CONSTRAINT; Schema: public; Owner: postgres
--

ALTER TABLE ONLY public.aluno_encarregado
    ADD CONSTRAINT aluno_encarregado_id_aluno_id_id_encarregado_id_978396ef_uniq UNIQUE (id_aluno_id, id_encarregado_id);


--
-- Name: aluno_encarregado aluno_encarregado_pkey; Type: CONSTRAINT; Schema: public; Owner: postgres
--

ALTER TABLE ONLY public.aluno_encarregado
    ADD CONSTRAINT aluno_encarregado_pkey PRIMARY KEY (id_aluno_encarregado);


--
-- Name: aluno aluno_numero_bi_key; Type: CONSTRAINT; Schema: public; Owner: postgres
--

ALTER TABLE ONLY public.aluno
    ADD CONSTRAINT aluno_numero_bi_key UNIQUE (numero_bi);


--
-- Name: aluno aluno_numero_matricula_key; Type: CONSTRAINT; Schema: public; Owner: postgres
--

ALTER TABLE ONLY public.aluno
    ADD CONSTRAINT aluno_numero_matricula_key UNIQUE (numero_matricula);


--
-- Name: aluno aluno_pkey; Type: CONSTRAINT; Schema: public; Owner: postgres
--

ALTER TABLE ONLY public.aluno
    ADD CONSTRAINT aluno_pkey PRIMARY KEY (id_aluno);


--
-- Name: ano_lectivo ano_lectivo_nome_key; Type: CONSTRAINT; Schema: public; Owner: postgres
--

ALTER TABLE ONLY public.ano_lectivo
    ADD CONSTRAINT ano_lectivo_nome_key UNIQUE (nome);


--
-- Name: ano_lectivo ano_lectivo_pkey; Type: CONSTRAINT; Schema: public; Owner: postgres
--

ALTER TABLE ONLY public.ano_lectivo
    ADD CONSTRAINT ano_lectivo_pkey PRIMARY KEY (id_ano);


--
-- Name: area_formacao area_formacao_pkey; Type: CONSTRAINT; Schema: public; Owner: postgres
--

ALTER TABLE ONLY public.area_formacao
    ADD CONSTRAINT area_formacao_pkey PRIMARY KEY (id_area_formacao);


--
-- Name: auth_group auth_group_name_key; Type: CONSTRAINT; Schema: public; Owner: postgres
--

ALTER TABLE ONLY public.auth_group
    ADD CONSTRAINT auth_group_name_key UNIQUE (name);


--
-- Name: auth_group_permissions auth_group_permissions_group_id_permission_id_0cd325b0_uniq; Type: CONSTRAINT; Schema: public; Owner: postgres
--

ALTER TABLE ONLY public.auth_group_permissions
    ADD CONSTRAINT auth_group_permissions_group_id_permission_id_0cd325b0_uniq UNIQUE (group_id, permission_id);


--
-- Name: auth_group_permissions auth_group_permissions_pkey; Type: CONSTRAINT; Schema: public; Owner: postgres
--

ALTER TABLE ONLY public.auth_group_permissions
    ADD CONSTRAINT auth_group_permissions_pkey PRIMARY KEY (id);


--
-- Name: auth_group auth_group_pkey; Type: CONSTRAINT; Schema: public; Owner: postgres
--

ALTER TABLE ONLY public.auth_group
    ADD CONSTRAINT auth_group_pkey PRIMARY KEY (id);


--
-- Name: auth_permission auth_permission_content_type_id_codename_01ab375a_uniq; Type: CONSTRAINT; Schema: public; Owner: postgres
--

ALTER TABLE ONLY public.auth_permission
    ADD CONSTRAINT auth_permission_content_type_id_codename_01ab375a_uniq UNIQUE (content_type_id, codename);


--
-- Name: auth_permission auth_permission_pkey; Type: CONSTRAINT; Schema: public; Owner: postgres
--

ALTER TABLE ONLY public.auth_permission
    ADD CONSTRAINT auth_permission_pkey PRIMARY KEY (id);


--
-- Name: auth_user_groups auth_user_groups_pkey; Type: CONSTRAINT; Schema: public; Owner: postgres
--

ALTER TABLE ONLY public.auth_user_groups
    ADD CONSTRAINT auth_user_groups_pkey PRIMARY KEY (id);


--
-- Name: auth_user_groups auth_user_groups_user_id_group_id_94350c0c_uniq; Type: CONSTRAINT; Schema: public; Owner: postgres
--

ALTER TABLE ONLY public.auth_user_groups
    ADD CONSTRAINT auth_user_groups_user_id_group_id_94350c0c_uniq UNIQUE (user_id, group_id);


--
-- Name: auth_user auth_user_pkey; Type: CONSTRAINT; Schema: public; Owner: postgres
--

ALTER TABLE ONLY public.auth_user
    ADD CONSTRAINT auth_user_pkey PRIMARY KEY (id);


--
-- Name: auth_user_user_permissions auth_user_user_permissions_pkey; Type: CONSTRAINT; Schema: public; Owner: postgres
--

ALTER TABLE ONLY public.auth_user_user_permissions
    ADD CONSTRAINT auth_user_user_permissions_pkey PRIMARY KEY (id);


--
-- Name: auth_user_user_permissions auth_user_user_permissions_user_id_permission_id_14a6b632_uniq; Type: CONSTRAINT; Schema: public; Owner: postgres
--

ALTER TABLE ONLY public.auth_user_user_permissions
    ADD CONSTRAINT auth_user_user_permissions_user_id_permission_id_14a6b632_uniq UNIQUE (user_id, permission_id);


--
-- Name: auth_user auth_user_username_key; Type: CONSTRAINT; Schema: public; Owner: postgres
--

ALTER TABLE ONLY public.auth_user
    ADD CONSTRAINT auth_user_username_key UNIQUE (username);


--
-- Name: candidato candidato_numero_bi_key; Type: CONSTRAINT; Schema: public; Owner: postgres
--

ALTER TABLE ONLY public.candidato
    ADD CONSTRAINT candidato_numero_bi_key UNIQUE (numero_bi);


--
-- Name: candidato candidato_numero_inscricao_key; Type: CONSTRAINT; Schema: public; Owner: postgres
--

ALTER TABLE ONLY public.candidato
    ADD CONSTRAINT candidato_numero_inscricao_key UNIQUE (numero_inscricao);


--
-- Name: candidato candidato_pkey; Type: CONSTRAINT; Schema: public; Owner: postgres
--

ALTER TABLE ONLY public.candidato
    ADD CONSTRAINT candidato_pkey PRIMARY KEY (id_candidato);


--
-- Name: cargo_funcionario cargo_funcionario_pkey; Type: CONSTRAINT; Schema: public; Owner: postgres
--

ALTER TABLE ONLY public.cargo_funcionario
    ADD CONSTRAINT cargo_funcionario_pkey PRIMARY KEY (id_cargo_funcionario);


--
-- Name: cargo cargo_nome_cargo_key; Type: CONSTRAINT; Schema: public; Owner: postgres
--

ALTER TABLE ONLY public.cargo
    ADD CONSTRAINT cargo_nome_cargo_key UNIQUE (nome_cargo);


--
-- Name: cargo cargo_pkey; Type: CONSTRAINT; Schema: public; Owner: postgres
--

ALTER TABLE ONLY public.cargo
    ADD CONSTRAINT cargo_pkey PRIMARY KEY (id_cargo);


--
-- Name: classe classe_pkey; Type: CONSTRAINT; Schema: public; Owner: postgres
--

ALTER TABLE ONLY public.classe
    ADD CONSTRAINT classe_pkey PRIMARY KEY (id_classe);


--
-- Name: configuracao configuracao_pkey; Type: CONSTRAINT; Schema: public; Owner: postgres
--

ALTER TABLE ONLY public.configuracao
    ADD CONSTRAINT configuracao_pkey PRIMARY KEY (id_config);


--
-- Name: curso curso_nome_curso_890c2d60_uniq; Type: CONSTRAINT; Schema: public; Owner: postgres
--

ALTER TABLE ONLY public.curso
    ADD CONSTRAINT curso_nome_curso_890c2d60_uniq UNIQUE (nome_curso);


--
-- Name: curso curso_pkey; Type: CONSTRAINT; Schema: public; Owner: postgres
--

ALTER TABLE ONLY public.curso
    ADD CONSTRAINT curso_pkey PRIMARY KEY (id_curso);


--
-- Name: departamento departamento_pkey; Type: CONSTRAINT; Schema: public; Owner: postgres
--

ALTER TABLE ONLY public.departamento
    ADD CONSTRAINT departamento_pkey PRIMARY KEY (id_departamento);


--
-- Name: disciplina_curso disciplina_curso_id_curso_id_id_disciplina_id_3b2d9f29_uniq; Type: CONSTRAINT; Schema: public; Owner: postgres
--

ALTER TABLE ONLY public.disciplina_curso
    ADD CONSTRAINT disciplina_curso_id_curso_id_id_disciplina_id_3b2d9f29_uniq UNIQUE (id_curso_id, id_disciplina_id);


--
-- Name: disciplina_curso disciplina_curso_pkey; Type: CONSTRAINT; Schema: public; Owner: postgres
--

ALTER TABLE ONLY public.disciplina_curso
    ADD CONSTRAINT disciplina_curso_pkey PRIMARY KEY (id_disciplina_curso);


--
-- Name: disciplina disciplina_pkey; Type: CONSTRAINT; Schema: public; Owner: postgres
--

ALTER TABLE ONLY public.disciplina
    ADD CONSTRAINT disciplina_pkey PRIMARY KEY (id_disciplina);


--
-- Name: django_admin_log django_admin_log_pkey; Type: CONSTRAINT; Schema: public; Owner: postgres
--

ALTER TABLE ONLY public.django_admin_log
    ADD CONSTRAINT django_admin_log_pkey PRIMARY KEY (id);


--
-- Name: django_content_type django_content_type_app_label_model_76bd3d3b_uniq; Type: CONSTRAINT; Schema: public; Owner: postgres
--

ALTER TABLE ONLY public.django_content_type
    ADD CONSTRAINT django_content_type_app_label_model_76bd3d3b_uniq UNIQUE (app_label, model);


--
-- Name: django_content_type django_content_type_pkey; Type: CONSTRAINT; Schema: public; Owner: postgres
--

ALTER TABLE ONLY public.django_content_type
    ADD CONSTRAINT django_content_type_pkey PRIMARY KEY (id);


--
-- Name: django_migrations django_migrations_pkey; Type: CONSTRAINT; Schema: public; Owner: postgres
--

ALTER TABLE ONLY public.django_migrations
    ADD CONSTRAINT django_migrations_pkey PRIMARY KEY (id);


--
-- Name: django_session django_session_pkey; Type: CONSTRAINT; Schema: public; Owner: postgres
--

ALTER TABLE ONLY public.django_session
    ADD CONSTRAINT django_session_pkey PRIMARY KEY (session_key);


--
-- Name: encarregado encarregado_email_key; Type: CONSTRAINT; Schema: public; Owner: postgres
--

ALTER TABLE ONLY public.encarregado
    ADD CONSTRAINT encarregado_email_key UNIQUE (email);


--
-- Name: encarregado encarregado_pkey; Type: CONSTRAINT; Schema: public; Owner: postgres
--

ALTER TABLE ONLY public.encarregado
    ADD CONSTRAINT encarregado_pkey PRIMARY KEY (id_encarregado);


--
-- Name: exame_admissao exame_admissao_candidato_id_key; Type: CONSTRAINT; Schema: public; Owner: postgres
--

ALTER TABLE ONLY public.exame_admissao
    ADD CONSTRAINT exame_admissao_candidato_id_key UNIQUE (candidato_id);


--
-- Name: exame_admissao exame_admissao_pkey; Type: CONSTRAINT; Schema: public; Owner: postgres
--

ALTER TABLE ONLY public.exame_admissao
    ADD CONSTRAINT exame_admissao_pkey PRIMARY KEY (id_exame);


--
-- Name: falta_aluno falta_aluno_pkey; Type: CONSTRAINT; Schema: public; Owner: postgres
--

ALTER TABLE ONLY public.falta_aluno
    ADD CONSTRAINT falta_aluno_pkey PRIMARY KEY (id_falta);


--
-- Name: fatura fatura_pkey; Type: CONSTRAINT; Schema: public; Owner: postgres
--

ALTER TABLE ONLY public.fatura
    ADD CONSTRAINT fatura_pkey PRIMARY KEY (id_fatura);


--
-- Name: fatura fatura_referencia_pagamento_key; Type: CONSTRAINT; Schema: public; Owner: postgres
--

ALTER TABLE ONLY public.fatura
    ADD CONSTRAINT fatura_referencia_pagamento_key UNIQUE (referencia_pagamento);


--
-- Name: funcionario funcionario_codigo_identificacao_key; Type: CONSTRAINT; Schema: public; Owner: postgres
--

ALTER TABLE ONLY public.funcionario
    ADD CONSTRAINT funcionario_codigo_identificacao_key UNIQUE (codigo_identificacao);


--
-- Name: funcionario funcionario_email_key; Type: CONSTRAINT; Schema: public; Owner: postgres
--

ALTER TABLE ONLY public.funcionario
    ADD CONSTRAINT funcionario_email_key UNIQUE (email);


--
-- Name: funcionario funcionario_numero_bi_key; Type: CONSTRAINT; Schema: public; Owner: postgres
--

ALTER TABLE ONLY public.funcionario
    ADD CONSTRAINT funcionario_numero_bi_key UNIQUE (numero_bi);


--
-- Name: funcionario funcionario_pkey; Type: CONSTRAINT; Schema: public; Owner: postgres
--

ALTER TABLE ONLY public.funcionario
    ADD CONSTRAINT funcionario_pkey PRIMARY KEY (id_funcionario);


--
-- Name: funcionario funcionario_usuario_id_key; Type: CONSTRAINT; Schema: public; Owner: postgres
--

ALTER TABLE ONLY public.funcionario
    ADD CONSTRAINT funcionario_usuario_id_key UNIQUE (usuario_id);


--
-- Name: historico_escolar historico_escolar_pkey; Type: CONSTRAINT; Schema: public; Owner: postgres
--

ALTER TABLE ONLY public.historico_escolar
    ADD CONSTRAINT historico_escolar_pkey PRIMARY KEY (id_historico);


--
-- Name: historico_login historico_login_pkey; Type: CONSTRAINT; Schema: public; Owner: postgres
--

ALTER TABLE ONLY public.historico_login
    ADD CONSTRAINT historico_login_pkey PRIMARY KEY (id_historico_login);


--
-- Name: historico historico_pkey; Type: CONSTRAINT; Schema: public; Owner: postgres
--

ALTER TABLE ONLY public.historico
    ADD CONSTRAINT historico_pkey PRIMARY KEY (id_historico);


--
-- Name: inscricao inscricao_pkey; Type: CONSTRAINT; Schema: public; Owner: postgres
--

ALTER TABLE ONLY public.inscricao
    ADD CONSTRAINT inscricao_pkey PRIMARY KEY (id_inscricao);


--
-- Name: lista_espera lista_espera_candidato_id_key; Type: CONSTRAINT; Schema: public; Owner: postgres
--

ALTER TABLE ONLY public.lista_espera
    ADD CONSTRAINT lista_espera_candidato_id_key UNIQUE (candidato_id);


--
-- Name: lista_espera lista_espera_pkey; Type: CONSTRAINT; Schema: public; Owner: postgres
--

ALTER TABLE ONLY public.lista_espera
    ADD CONSTRAINT lista_espera_pkey PRIMARY KEY (id);


--
-- Name: matricula matricula_id_aluno_id_ano_lectivo_id_2132ddcb_uniq; Type: CONSTRAINT; Schema: public; Owner: postgres
--

ALTER TABLE ONLY public.matricula
    ADD CONSTRAINT matricula_id_aluno_id_ano_lectivo_id_2132ddcb_uniq UNIQUE (id_aluno_id, ano_lectivo_id);


--
-- Name: matricula matricula_pkey; Type: CONSTRAINT; Schema: public; Owner: postgres
--

ALTER TABLE ONLY public.matricula
    ADD CONSTRAINT matricula_pkey PRIMARY KEY (id_matricula);


--
-- Name: nota nota_pkey; Type: CONSTRAINT; Schema: public; Owner: postgres
--

ALTER TABLE ONLY public.nota
    ADD CONSTRAINT nota_pkey PRIMARY KEY (id_nota);


--
-- Name: notificacao notificacao_pkey; Type: CONSTRAINT; Schema: public; Owner: postgres
--

ALTER TABLE ONLY public.notificacao
    ADD CONSTRAINT notificacao_pkey PRIMARY KEY (id_notificacao);


--
-- Name: pagamento pagamento_pkey; Type: CONSTRAINT; Schema: public; Owner: postgres
--

ALTER TABLE ONLY public.pagamento
    ADD CONSTRAINT pagamento_pkey PRIMARY KEY (id_pagamento);


--
-- Name: periodo periodo_pkey; Type: CONSTRAINT; Schema: public; Owner: postgres
--

ALTER TABLE ONLY public.periodo
    ADD CONSTRAINT periodo_pkey PRIMARY KEY (id_periodo);


--
-- Name: professor_disciplina professor_disciplina_id_funcionario_id_id_dis_ad9565dc_uniq; Type: CONSTRAINT; Schema: public; Owner: postgres
--

ALTER TABLE ONLY public.professor_disciplina
    ADD CONSTRAINT professor_disciplina_id_funcionario_id_id_dis_ad9565dc_uniq UNIQUE (id_funcionario_id, id_disciplina_id, id_turma_id);


--
-- Name: professor_disciplina professor_disciplina_pkey; Type: CONSTRAINT; Schema: public; Owner: postgres
--

ALTER TABLE ONLY public.professor_disciplina
    ADD CONSTRAINT professor_disciplina_pkey PRIMARY KEY (id_professor_disciplina);


--
-- Name: rup_candidato rupe_candidato_codigo_rup_key; Type: CONSTRAINT; Schema: public; Owner: postgres
--

ALTER TABLE ONLY public.rup_candidato
    ADD CONSTRAINT rupe_candidato_codigo_rup_key UNIQUE (codigo_rup);


--
-- Name: rup_candidato rupe_candidato_pkey; Type: CONSTRAINT; Schema: public; Owner: postgres
--

ALTER TABLE ONLY public.rup_candidato
    ADD CONSTRAINT rupe_candidato_pkey PRIMARY KEY (id);


--
-- Name: sala sala_numero_sala_5ab94c01_uniq; Type: CONSTRAINT; Schema: public; Owner: postgres
--

ALTER TABLE ONLY public.sala
    ADD CONSTRAINT sala_numero_sala_5ab94c01_uniq UNIQUE (numero_sala);


--
-- Name: sala sala_pkey; Type: CONSTRAINT; Schema: public; Owner: postgres
--

ALTER TABLE ONLY public.sala
    ADD CONSTRAINT sala_pkey PRIMARY KEY (id_sala);


--
-- Name: seccao seccao_pkey; Type: CONSTRAINT; Schema: public; Owner: postgres
--

ALTER TABLE ONLY public.seccao
    ADD CONSTRAINT seccao_pkey PRIMARY KEY (id_seccao);


--
-- Name: tipo_disciplina tipo_disciplina_pkey; Type: CONSTRAINT; Schema: public; Owner: postgres
--

ALTER TABLE ONLY public.tipo_disciplina
    ADD CONSTRAINT tipo_disciplina_pkey PRIMARY KEY (id_tipo_disciplina);


--
-- Name: turma turma_codigo_turma_key; Type: CONSTRAINT; Schema: public; Owner: postgres
--

ALTER TABLE ONLY public.turma
    ADD CONSTRAINT turma_codigo_turma_key UNIQUE (codigo_turma);


--
-- Name: turma turma_pkey; Type: CONSTRAINT; Schema: public; Owner: postgres
--

ALTER TABLE ONLY public.turma
    ADD CONSTRAINT turma_pkey PRIMARY KEY (id_turma);


--
-- Name: usuario usuario_email_key; Type: CONSTRAINT; Schema: public; Owner: postgres
--

ALTER TABLE ONLY public.usuario
    ADD CONSTRAINT usuario_email_key UNIQUE (email);


--
-- Name: usuario usuario_pkey; Type: CONSTRAINT; Schema: public; Owner: postgres
--

ALTER TABLE ONLY public.usuario
    ADD CONSTRAINT usuario_pkey PRIMARY KEY (id_usuario);


--
-- Name: usuario usuario_user_id_key; Type: CONSTRAINT; Schema: public; Owner: postgres
--

ALTER TABLE ONLY public.usuario
    ADD CONSTRAINT usuario_user_id_key UNIQUE (user_id);


--
-- Name: vaga_curso vaga_curso_id_curso_id_ano_lectivo_id_5cd0df6e_uniq; Type: CONSTRAINT; Schema: public; Owner: postgres
--

ALTER TABLE ONLY public.vaga_curso
    ADD CONSTRAINT vaga_curso_id_curso_id_ano_lectivo_id_5cd0df6e_uniq UNIQUE (id_curso_id, ano_lectivo_id);


--
-- Name: vaga_curso vaga_curso_pkey; Type: CONSTRAINT; Schema: public; Owner: postgres
--

ALTER TABLE ONLY public.vaga_curso
    ADD CONSTRAINT vaga_curso_pkey PRIMARY KEY (id);


--
-- Name: aluno_email_41f87c09_like; Type: INDEX; Schema: public; Owner: postgres
--

CREATE INDEX aluno_email_41f87c09_like ON public.aluno USING btree (email varchar_pattern_ops);


--
-- Name: aluno_email_d96a04_idx; Type: INDEX; Schema: public; Owner: postgres
--

CREATE INDEX aluno_email_d96a04_idx ON public.aluno USING btree (email);


--
-- Name: aluno_encarregado_id_aluno_id_537c33d5; Type: INDEX; Schema: public; Owner: postgres
--

CREATE INDEX aluno_encarregado_id_aluno_id_537c33d5 ON public.aluno_encarregado USING btree (id_aluno_id);


--
-- Name: aluno_encarregado_id_encarregado_id_8fea4763; Type: INDEX; Schema: public; Owner: postgres
--

CREATE INDEX aluno_encarregado_id_encarregado_id_8fea4763 ON public.aluno_encarregado USING btree (id_encarregado_id);


--
-- Name: aluno_id_turm_6e7237_idx; Type: INDEX; Schema: public; Owner: postgres
--

CREATE INDEX aluno_id_turm_6e7237_idx ON public.aluno USING btree (id_turma_id);


--
-- Name: aluno_id_turma_id_cc7f1360; Type: INDEX; Schema: public; Owner: postgres
--

CREATE INDEX aluno_id_turma_id_cc7f1360 ON public.aluno USING btree (id_turma_id);


--
-- Name: aluno_numero_bi_d872070e_like; Type: INDEX; Schema: public; Owner: postgres
--

CREATE INDEX aluno_numero_bi_d872070e_like ON public.aluno USING btree (numero_bi varchar_pattern_ops);


--
-- Name: aluno_status__20aead_idx; Type: INDEX; Schema: public; Owner: postgres
--

CREATE INDEX aluno_status__20aead_idx ON public.aluno USING btree (status_aluno);


--
-- Name: ano_lectivo_nome_d2484cfa_like; Type: INDEX; Schema: public; Owner: postgres
--

CREATE INDEX ano_lectivo_nome_d2484cfa_like ON public.ano_lectivo USING btree (nome varchar_pattern_ops);


--
-- Name: area_formacao_id_responsavel_id_e057674a; Type: INDEX; Schema: public; Owner: postgres
--

CREATE INDEX area_formacao_id_responsavel_id_e057674a ON public.area_formacao USING btree (id_responsavel_id);


--
-- Name: auth_group_name_a6ea08ec_like; Type: INDEX; Schema: public; Owner: postgres
--

CREATE INDEX auth_group_name_a6ea08ec_like ON public.auth_group USING btree (name varchar_pattern_ops);


--
-- Name: auth_group_permissions_group_id_b120cbf9; Type: INDEX; Schema: public; Owner: postgres
--

CREATE INDEX auth_group_permissions_group_id_b120cbf9 ON public.auth_group_permissions USING btree (group_id);


--
-- Name: auth_group_permissions_permission_id_84c5c92e; Type: INDEX; Schema: public; Owner: postgres
--

CREATE INDEX auth_group_permissions_permission_id_84c5c92e ON public.auth_group_permissions USING btree (permission_id);


--
-- Name: auth_permission_content_type_id_2f476e4b; Type: INDEX; Schema: public; Owner: postgres
--

CREATE INDEX auth_permission_content_type_id_2f476e4b ON public.auth_permission USING btree (content_type_id);


--
-- Name: auth_user_groups_group_id_97559544; Type: INDEX; Schema: public; Owner: postgres
--

CREATE INDEX auth_user_groups_group_id_97559544 ON public.auth_user_groups USING btree (group_id);


--
-- Name: auth_user_groups_user_id_6a12ed8b; Type: INDEX; Schema: public; Owner: postgres
--

CREATE INDEX auth_user_groups_user_id_6a12ed8b ON public.auth_user_groups USING btree (user_id);


--
-- Name: auth_user_user_permissions_permission_id_1fbb5f2c; Type: INDEX; Schema: public; Owner: postgres
--

CREATE INDEX auth_user_user_permissions_permission_id_1fbb5f2c ON public.auth_user_user_permissions USING btree (permission_id);


--
-- Name: auth_user_user_permissions_user_id_a95ead1b; Type: INDEX; Schema: public; Owner: postgres
--

CREATE INDEX auth_user_user_permissions_user_id_a95ead1b ON public.auth_user_user_permissions USING btree (user_id);


--
-- Name: auth_user_username_6821ab7c_like; Type: INDEX; Schema: public; Owner: postgres
--

CREATE INDEX auth_user_username_6821ab7c_like ON public.auth_user USING btree (username varchar_pattern_ops);


--
-- Name: candidato_ano_lectivo_id_8058dce9; Type: INDEX; Schema: public; Owner: postgres
--

CREATE INDEX candidato_ano_lectivo_id_8058dce9 ON public.candidato USING btree (ano_lectivo_id);


--
-- Name: candidato_curso_primeira_opcao_id_8aedd865; Type: INDEX; Schema: public; Owner: postgres
--

CREATE INDEX candidato_curso_primeira_opcao_id_8aedd865 ON public.candidato USING btree (curso_primeira_opcao_id);


--
-- Name: candidato_curso_segunda_opcao_id_79765dde; Type: INDEX; Schema: public; Owner: postgres
--

CREATE INDEX candidato_curso_segunda_opcao_id_79765dde ON public.candidato USING btree (curso_segunda_opcao_id);


--
-- Name: candidato_numero_bi_91167a8d_like; Type: INDEX; Schema: public; Owner: postgres
--

CREATE INDEX candidato_numero_bi_91167a8d_like ON public.candidato USING btree (numero_bi varchar_pattern_ops);


--
-- Name: candidato_numero_inscricao_07c3abab_like; Type: INDEX; Schema: public; Owner: postgres
--

CREATE INDEX candidato_numero_inscricao_07c3abab_like ON public.candidato USING btree (numero_inscricao varchar_pattern_ops);


--
-- Name: cargo_funcionario_id_cargo_id_c1eb6daa; Type: INDEX; Schema: public; Owner: postgres
--

CREATE INDEX cargo_funcionario_id_cargo_id_c1eb6daa ON public.cargo_funcionario USING btree (id_cargo_id);


--
-- Name: cargo_funcionario_id_funcionario_id_23ebe06c; Type: INDEX; Schema: public; Owner: postgres
--

CREATE INDEX cargo_funcionario_id_funcionario_id_23ebe06c ON public.cargo_funcionario USING btree (id_funcionario_id);


--
-- Name: cargo_nome_cargo_69117490_like; Type: INDEX; Schema: public; Owner: postgres
--

CREATE INDEX cargo_nome_cargo_69117490_like ON public.cargo USING btree (nome_cargo varchar_pattern_ops);


--
-- Name: curso_id_area_formacao_id_1327797c; Type: INDEX; Schema: public; Owner: postgres
--

CREATE INDEX curso_id_area_formacao_id_1327797c ON public.curso USING btree (id_area_formacao_id);


--
-- Name: curso_id_responsavel_id_d1f69e6f; Type: INDEX; Schema: public; Owner: postgres
--

CREATE INDEX curso_id_responsavel_id_d1f69e6f ON public.curso USING btree (id_responsavel_id);


--
-- Name: curso_nome_curso_890c2d60_like; Type: INDEX; Schema: public; Owner: postgres
--

CREATE INDEX curso_nome_curso_890c2d60_like ON public.curso USING btree (nome_curso varchar_pattern_ops);


--
-- Name: departamento_chefe_id_funcionario_id_83951d03; Type: INDEX; Schema: public; Owner: postgres
--

CREATE INDEX departamento_chefe_id_funcionario_id_83951d03 ON public.departamento USING btree (chefe_id_funcionario_id);


--
-- Name: disciplina_curso_id_curso_id_86ac9031; Type: INDEX; Schema: public; Owner: postgres
--

CREATE INDEX disciplina_curso_id_curso_id_86ac9031 ON public.disciplina_curso USING btree (id_curso_id);


--
-- Name: disciplina_curso_id_disciplina_id_89dd71e6; Type: INDEX; Schema: public; Owner: postgres
--

CREATE INDEX disciplina_curso_id_disciplina_id_89dd71e6 ON public.disciplina_curso USING btree (id_disciplina_id);


--
-- Name: disciplina_id_coordenador_id_233dfbfa; Type: INDEX; Schema: public; Owner: postgres
--

CREATE INDEX disciplina_id_coordenador_id_233dfbfa ON public.disciplina USING btree (id_coordenador_id);


--
-- Name: disciplina_id_tipo_disciplina_id_14fd0ebf; Type: INDEX; Schema: public; Owner: postgres
--

CREATE INDEX disciplina_id_tipo_disciplina_id_14fd0ebf ON public.disciplina USING btree (id_tipo_disciplina_id);


--
-- Name: django_admin_log_content_type_id_c4bce8eb; Type: INDEX; Schema: public; Owner: postgres
--

CREATE INDEX django_admin_log_content_type_id_c4bce8eb ON public.django_admin_log USING btree (content_type_id);


--
-- Name: django_admin_log_user_id_c564eba6; Type: INDEX; Schema: public; Owner: postgres
--

CREATE INDEX django_admin_log_user_id_c564eba6 ON public.django_admin_log USING btree (user_id);


--
-- Name: django_session_expire_date_a5c62663; Type: INDEX; Schema: public; Owner: postgres
--

CREATE INDEX django_session_expire_date_a5c62663 ON public.django_session USING btree (expire_date);


--
-- Name: django_session_session_key_c0390e0f_like; Type: INDEX; Schema: public; Owner: postgres
--

CREATE INDEX django_session_session_key_c0390e0f_like ON public.django_session USING btree (session_key varchar_pattern_ops);


--
-- Name: encarregado_email_0012bc_idx; Type: INDEX; Schema: public; Owner: postgres
--

CREATE INDEX encarregado_email_0012bc_idx ON public.encarregado USING btree (email);


--
-- Name: encarregado_email_5aa3267f_like; Type: INDEX; Schema: public; Owner: postgres
--

CREATE INDEX encarregado_email_5aa3267f_like ON public.encarregado USING btree (email varchar_pattern_ops);


--
-- Name: exame_admissao_sala_id_83d5bafa; Type: INDEX; Schema: public; Owner: postgres
--

CREATE INDEX exame_admissao_sala_id_83d5bafa ON public.exame_admissao USING btree (sala_id);


--
-- Name: falta_aluno_id_alun_358daa_idx; Type: INDEX; Schema: public; Owner: postgres
--

CREATE INDEX falta_aluno_id_alun_358daa_idx ON public.falta_aluno USING btree (id_aluno_id, data_falta);


--
-- Name: falta_aluno_id_aluno_id_06e3db90; Type: INDEX; Schema: public; Owner: postgres
--

CREATE INDEX falta_aluno_id_aluno_id_06e3db90 ON public.falta_aluno USING btree (id_aluno_id);


--
-- Name: falta_aluno_id_disciplina_id_40f0e185; Type: INDEX; Schema: public; Owner: postgres
--

CREATE INDEX falta_aluno_id_disciplina_id_40f0e185 ON public.falta_aluno USING btree (id_disciplina_id);


--
-- Name: falta_aluno_id_turma_id_c9c64bc3; Type: INDEX; Schema: public; Owner: postgres
--

CREATE INDEX falta_aluno_id_turma_id_c9c64bc3 ON public.falta_aluno USING btree (id_turma_id);


--
-- Name: fatura_ano_lectivo_id_58e7e3f2; Type: INDEX; Schema: public; Owner: postgres
--

CREATE INDEX fatura_ano_lectivo_id_58e7e3f2 ON public.fatura USING btree (ano_lectivo_id);


--
-- Name: fatura_id_alun_6b1be9_idx; Type: INDEX; Schema: public; Owner: postgres
--

CREATE INDEX fatura_id_alun_6b1be9_idx ON public.fatura USING btree (id_aluno_id);


--
-- Name: fatura_id_aluno_id_a0830f15; Type: INDEX; Schema: public; Owner: postgres
--

CREATE INDEX fatura_id_aluno_id_a0830f15 ON public.fatura USING btree (id_aluno_id);


--
-- Name: fatura_referencia_pagamento_84018c39_like; Type: INDEX; Schema: public; Owner: postgres
--

CREATE INDEX fatura_referencia_pagamento_84018c39_like ON public.fatura USING btree (referencia_pagamento varchar_pattern_ops);


--
-- Name: fatura_status_938c4e_idx; Type: INDEX; Schema: public; Owner: postgres
--

CREATE INDEX fatura_status_938c4e_idx ON public.fatura USING btree (status);


--
-- Name: funcionario_codigo_identificacao_53641f37_like; Type: INDEX; Schema: public; Owner: postgres
--

CREATE INDEX funcionario_codigo_identificacao_53641f37_like ON public.funcionario USING btree (codigo_identificacao varchar_pattern_ops);


--
-- Name: funcionario_email_5e0273_idx; Type: INDEX; Schema: public; Owner: postgres
--

CREATE INDEX funcionario_email_5e0273_idx ON public.funcionario USING btree (email);


--
-- Name: funcionario_email_b4efc9e2_like; Type: INDEX; Schema: public; Owner: postgres
--

CREATE INDEX funcionario_email_b4efc9e2_like ON public.funcionario USING btree (email varchar_pattern_ops);


--
-- Name: funcionario_id_carg_2b5c12_idx; Type: INDEX; Schema: public; Owner: postgres
--

CREATE INDEX funcionario_id_carg_2b5c12_idx ON public.funcionario USING btree (id_cargo_id);


--
-- Name: funcionario_id_cargo_id_8f0d1dcf; Type: INDEX; Schema: public; Owner: postgres
--

CREATE INDEX funcionario_id_cargo_id_8f0d1dcf ON public.funcionario USING btree (id_cargo_id);


--
-- Name: funcionario_numero_bi_a2f028d0_like; Type: INDEX; Schema: public; Owner: postgres
--

CREATE INDEX funcionario_numero_bi_a2f028d0_like ON public.funcionario USING btree (numero_bi varchar_pattern_ops);


--
-- Name: historico_data_ho_79493f_idx; Type: INDEX; Schema: public; Owner: postgres
--

CREATE INDEX historico_data_ho_79493f_idx ON public.historico USING btree (data_hora);


--
-- Name: historico_escolar_aluno_id_b6b2836f; Type: INDEX; Schema: public; Owner: postgres
--

CREATE INDEX historico_escolar_aluno_id_b6b2836f ON public.historico_escolar USING btree (aluno_id);


--
-- Name: historico_id_aluno_id_4023c765; Type: INDEX; Schema: public; Owner: postgres
--

CREATE INDEX historico_id_aluno_id_4023c765 ON public.historico USING btree (id_aluno_id);


--
-- Name: historico_id_funcionario_id_848664a9; Type: INDEX; Schema: public; Owner: postgres
--

CREATE INDEX historico_id_funcionario_id_848664a9 ON public.historico USING btree (id_funcionario_id);


--
-- Name: historico_id_usuario_id_813e7f15; Type: INDEX; Schema: public; Owner: postgres
--

CREATE INDEX historico_id_usuario_id_813e7f15 ON public.historico USING btree (id_usuario_id);


--
-- Name: historico_login_id_aluno_id_4eac94a8; Type: INDEX; Schema: public; Owner: postgres
--

CREATE INDEX historico_login_id_aluno_id_4eac94a8 ON public.historico_login USING btree (id_aluno_id);


--
-- Name: historico_login_id_encarregado_id_4d1f18fa; Type: INDEX; Schema: public; Owner: postgres
--

CREATE INDEX historico_login_id_encarregado_id_4d1f18fa ON public.historico_login USING btree (id_encarregado_id);


--
-- Name: historico_login_id_funcionario_id_29964efc; Type: INDEX; Schema: public; Owner: postgres
--

CREATE INDEX historico_login_id_funcionario_id_29964efc ON public.historico_login USING btree (id_funcionario_id);


--
-- Name: historico_login_id_usuario_id_d90d54c8; Type: INDEX; Schema: public; Owner: postgres
--

CREATE INDEX historico_login_id_usuario_id_d90d54c8 ON public.historico_login USING btree (id_usuario_id);


--
-- Name: matricula_ano_lectivo_id_7cc38dde; Type: INDEX; Schema: public; Owner: postgres
--

CREATE INDEX matricula_ano_lectivo_id_7cc38dde ON public.matricula USING btree (ano_lectivo_id);


--
-- Name: matricula_id_aluno_id_15c6b09a; Type: INDEX; Schema: public; Owner: postgres
--

CREATE INDEX matricula_id_aluno_id_15c6b09a ON public.matricula USING btree (id_aluno_id);


--
-- Name: matricula_id_turma_id_4036ed34; Type: INDEX; Schema: public; Owner: postgres
--

CREATE INDEX matricula_id_turma_id_4036ed34 ON public.matricula USING btree (id_turma_id);


--
-- Name: nota_id_alun_7303c0_idx; Type: INDEX; Schema: public; Owner: postgres
--

CREATE INDEX nota_id_alun_7303c0_idx ON public.nota USING btree (id_aluno_id, id_disciplina_id);


--
-- Name: nota_id_aluno_id_b1fd8aaa; Type: INDEX; Schema: public; Owner: postgres
--

CREATE INDEX nota_id_aluno_id_b1fd8aaa ON public.nota USING btree (id_aluno_id);


--
-- Name: nota_id_disciplina_id_89c0c4ef; Type: INDEX; Schema: public; Owner: postgres
--

CREATE INDEX nota_id_disciplina_id_89c0c4ef ON public.nota USING btree (id_disciplina_id);


--
-- Name: nota_id_professor_id_51149855; Type: INDEX; Schema: public; Owner: postgres
--

CREATE INDEX nota_id_professor_id_51149855 ON public.nota USING btree (id_professor_id);


--
-- Name: nota_id_turma_id_0b5d21ac; Type: INDEX; Schema: public; Owner: postgres
--

CREATE INDEX nota_id_turma_id_0b5d21ac ON public.nota USING btree (id_turma_id);


--
-- Name: pagamento_id_fatura_id_7b6e111e; Type: INDEX; Schema: public; Owner: postgres
--

CREATE INDEX pagamento_id_fatura_id_7b6e111e ON public.pagamento USING btree (id_fatura_id);


--
-- Name: pagamento_id_recebedor_id_f08e96e2; Type: INDEX; Schema: public; Owner: postgres
--

CREATE INDEX pagamento_id_recebedor_id_f08e96e2 ON public.pagamento USING btree (id_recebedor_id);


--
-- Name: periodo_id_responsavel_id_34b5b578; Type: INDEX; Schema: public; Owner: postgres
--

CREATE INDEX periodo_id_responsavel_id_34b5b578 ON public.periodo USING btree (id_responsavel_id);


--
-- Name: professor_disciplina_id_disciplina_id_5bd49fa7; Type: INDEX; Schema: public; Owner: postgres
--

CREATE INDEX professor_disciplina_id_disciplina_id_5bd49fa7 ON public.professor_disciplina USING btree (id_disciplina_id);


--
-- Name: professor_disciplina_id_funcionario_id_dce5e3d5; Type: INDEX; Schema: public; Owner: postgres
--

CREATE INDEX professor_disciplina_id_funcionario_id_dce5e3d5 ON public.professor_disciplina USING btree (id_funcionario_id);


--
-- Name: professor_disciplina_id_turma_id_9b173dd1; Type: INDEX; Schema: public; Owner: postgres
--

CREATE INDEX professor_disciplina_id_turma_id_9b173dd1 ON public.professor_disciplina USING btree (id_turma_id);


--
-- Name: rup_candidato_codigo_rup_6053f39a_like; Type: INDEX; Schema: public; Owner: postgres
--

CREATE INDEX rup_candidato_codigo_rup_6053f39a_like ON public.rup_candidato USING btree (codigo_rup varchar_pattern_ops);


--
-- Name: rup_candidato_inscricao_id_c8ddda5c; Type: INDEX; Schema: public; Owner: postgres
--

CREATE INDEX rup_candidato_inscricao_id_c8ddda5c ON public.rup_candidato USING btree (inscricao_id);


--
-- Name: seccao_id_departamento_id_ef46834e; Type: INDEX; Schema: public; Owner: postgres
--

CREATE INDEX seccao_id_departamento_id_ef46834e ON public.seccao USING btree (id_departamento_id);


--
-- Name: turma_ano_lectivo_id_84aa55fe; Type: INDEX; Schema: public; Owner: postgres
--

CREATE INDEX turma_ano_lectivo_id_84aa55fe ON public.turma USING btree (ano_lectivo_id);


--
-- Name: turma_codigo_turma_a4eb5411_like; Type: INDEX; Schema: public; Owner: postgres
--

CREATE INDEX turma_codigo_turma_a4eb5411_like ON public.turma USING btree (codigo_turma varchar_pattern_ops);


--
-- Name: turma_id_classe_id_2c33f433; Type: INDEX; Schema: public; Owner: postgres
--

CREATE INDEX turma_id_classe_id_2c33f433 ON public.turma USING btree (id_classe_id);


--
-- Name: turma_id_curso_id_077fd076; Type: INDEX; Schema: public; Owner: postgres
--

CREATE INDEX turma_id_curso_id_077fd076 ON public.turma USING btree (id_curso_id);


--
-- Name: turma_id_periodo_id_41eb71e7; Type: INDEX; Schema: public; Owner: postgres
--

CREATE INDEX turma_id_periodo_id_41eb71e7 ON public.turma USING btree (id_periodo_id);


--
-- Name: turma_id_responsavel_id_36441020; Type: INDEX; Schema: public; Owner: postgres
--

CREATE INDEX turma_id_responsavel_id_36441020 ON public.turma USING btree (id_responsavel_id);


--
-- Name: turma_id_sala_id_191ca2e1; Type: INDEX; Schema: public; Owner: postgres
--

CREATE INDEX turma_id_sala_id_191ca2e1 ON public.turma USING btree (id_sala_id);


--
-- Name: usuario_cargo_id_f8845872; Type: INDEX; Schema: public; Owner: postgres
--

CREATE INDEX usuario_cargo_id_f8845872 ON public.usuario USING btree (cargo_id);


--
-- Name: usuario_email_de9343f9_like; Type: INDEX; Schema: public; Owner: postgres
--

CREATE INDEX usuario_email_de9343f9_like ON public.usuario USING btree (email varchar_pattern_ops);


--
-- Name: vaga_curso_ano_lectivo_id_8d997f1a; Type: INDEX; Schema: public; Owner: postgres
--

CREATE INDEX vaga_curso_ano_lectivo_id_8d997f1a ON public.vaga_curso USING btree (ano_lectivo_id);


--
-- Name: vaga_curso_id_curso_id_dde9a39e; Type: INDEX; Schema: public; Owner: postgres
--

CREATE INDEX vaga_curso_id_curso_id_dde9a39e ON public.vaga_curso USING btree (id_curso_id);


--
-- Name: aluno_encarregado aluno_encarregado_id_aluno_id_537c33d5_fk_aluno_id_aluno; Type: FK CONSTRAINT; Schema: public; Owner: postgres
--

ALTER TABLE ONLY public.aluno_encarregado
    ADD CONSTRAINT aluno_encarregado_id_aluno_id_537c33d5_fk_aluno_id_aluno FOREIGN KEY (id_aluno_id) REFERENCES public.aluno(id_aluno) DEFERRABLE INITIALLY DEFERRED;


--
-- Name: aluno_encarregado aluno_encarregado_id_encarregado_id_8fea4763_fk_encarrega; Type: FK CONSTRAINT; Schema: public; Owner: postgres
--

ALTER TABLE ONLY public.aluno_encarregado
    ADD CONSTRAINT aluno_encarregado_id_encarregado_id_8fea4763_fk_encarrega FOREIGN KEY (id_encarregado_id) REFERENCES public.encarregado(id_encarregado) DEFERRABLE INITIALLY DEFERRED;


--
-- Name: aluno aluno_id_turma_id_cc7f1360_fk_turma_id_turma; Type: FK CONSTRAINT; Schema: public; Owner: postgres
--

ALTER TABLE ONLY public.aluno
    ADD CONSTRAINT aluno_id_turma_id_cc7f1360_fk_turma_id_turma FOREIGN KEY (id_turma_id) REFERENCES public.turma(id_turma) DEFERRABLE INITIALLY DEFERRED;


--
-- Name: area_formacao area_formacao_id_responsavel_id_e057674a_fk_funcionar; Type: FK CONSTRAINT; Schema: public; Owner: postgres
--

ALTER TABLE ONLY public.area_formacao
    ADD CONSTRAINT area_formacao_id_responsavel_id_e057674a_fk_funcionar FOREIGN KEY (id_responsavel_id) REFERENCES public.funcionario(id_funcionario) DEFERRABLE INITIALLY DEFERRED;


--
-- Name: auth_group_permissions auth_group_permissio_permission_id_84c5c92e_fk_auth_perm; Type: FK CONSTRAINT; Schema: public; Owner: postgres
--

ALTER TABLE ONLY public.auth_group_permissions
    ADD CONSTRAINT auth_group_permissio_permission_id_84c5c92e_fk_auth_perm FOREIGN KEY (permission_id) REFERENCES public.auth_permission(id) DEFERRABLE INITIALLY DEFERRED;


--
-- Name: auth_group_permissions auth_group_permissions_group_id_b120cbf9_fk_auth_group_id; Type: FK CONSTRAINT; Schema: public; Owner: postgres
--

ALTER TABLE ONLY public.auth_group_permissions
    ADD CONSTRAINT auth_group_permissions_group_id_b120cbf9_fk_auth_group_id FOREIGN KEY (group_id) REFERENCES public.auth_group(id) DEFERRABLE INITIALLY DEFERRED;


--
-- Name: auth_permission auth_permission_content_type_id_2f476e4b_fk_django_co; Type: FK CONSTRAINT; Schema: public; Owner: postgres
--

ALTER TABLE ONLY public.auth_permission
    ADD CONSTRAINT auth_permission_content_type_id_2f476e4b_fk_django_co FOREIGN KEY (content_type_id) REFERENCES public.django_content_type(id) DEFERRABLE INITIALLY DEFERRED;


--
-- Name: auth_user_groups auth_user_groups_group_id_97559544_fk_auth_group_id; Type: FK CONSTRAINT; Schema: public; Owner: postgres
--

ALTER TABLE ONLY public.auth_user_groups
    ADD CONSTRAINT auth_user_groups_group_id_97559544_fk_auth_group_id FOREIGN KEY (group_id) REFERENCES public.auth_group(id) DEFERRABLE INITIALLY DEFERRED;


--
-- Name: auth_user_groups auth_user_groups_user_id_6a12ed8b_fk_auth_user_id; Type: FK CONSTRAINT; Schema: public; Owner: postgres
--

ALTER TABLE ONLY public.auth_user_groups
    ADD CONSTRAINT auth_user_groups_user_id_6a12ed8b_fk_auth_user_id FOREIGN KEY (user_id) REFERENCES public.auth_user(id) DEFERRABLE INITIALLY DEFERRED;


--
-- Name: auth_user_user_permissions auth_user_user_permi_permission_id_1fbb5f2c_fk_auth_perm; Type: FK CONSTRAINT; Schema: public; Owner: postgres
--

ALTER TABLE ONLY public.auth_user_user_permissions
    ADD CONSTRAINT auth_user_user_permi_permission_id_1fbb5f2c_fk_auth_perm FOREIGN KEY (permission_id) REFERENCES public.auth_permission(id) DEFERRABLE INITIALLY DEFERRED;


--
-- Name: auth_user_user_permissions auth_user_user_permissions_user_id_a95ead1b_fk_auth_user_id; Type: FK CONSTRAINT; Schema: public; Owner: postgres
--

ALTER TABLE ONLY public.auth_user_user_permissions
    ADD CONSTRAINT auth_user_user_permissions_user_id_a95ead1b_fk_auth_user_id FOREIGN KEY (user_id) REFERENCES public.auth_user(id) DEFERRABLE INITIALLY DEFERRED;


--
-- Name: candidato candidato_ano_lectivo_id_8058dce9_fk_ano_lectivo_id_ano; Type: FK CONSTRAINT; Schema: public; Owner: postgres
--

ALTER TABLE ONLY public.candidato
    ADD CONSTRAINT candidato_ano_lectivo_id_8058dce9_fk_ano_lectivo_id_ano FOREIGN KEY (ano_lectivo_id) REFERENCES public.ano_lectivo(id_ano) DEFERRABLE INITIALLY DEFERRED;


--
-- Name: candidato candidato_curso_primeira_opcao_id_8aedd865_fk_curso_id_curso; Type: FK CONSTRAINT; Schema: public; Owner: postgres
--

ALTER TABLE ONLY public.candidato
    ADD CONSTRAINT candidato_curso_primeira_opcao_id_8aedd865_fk_curso_id_curso FOREIGN KEY (curso_primeira_opcao_id) REFERENCES public.curso(id_curso) DEFERRABLE INITIALLY DEFERRED;


--
-- Name: candidato candidato_curso_segunda_opcao_id_79765dde_fk_curso_id_curso; Type: FK CONSTRAINT; Schema: public; Owner: postgres
--

ALTER TABLE ONLY public.candidato
    ADD CONSTRAINT candidato_curso_segunda_opcao_id_79765dde_fk_curso_id_curso FOREIGN KEY (curso_segunda_opcao_id) REFERENCES public.curso(id_curso) DEFERRABLE INITIALLY DEFERRED;


--
-- Name: cargo_funcionario cargo_funcionario_id_cargo_id_c1eb6daa_fk_cargo_id_cargo; Type: FK CONSTRAINT; Schema: public; Owner: postgres
--

ALTER TABLE ONLY public.cargo_funcionario
    ADD CONSTRAINT cargo_funcionario_id_cargo_id_c1eb6daa_fk_cargo_id_cargo FOREIGN KEY (id_cargo_id) REFERENCES public.cargo(id_cargo) DEFERRABLE INITIALLY DEFERRED;


--
-- Name: cargo_funcionario cargo_funcionario_id_funcionario_id_23ebe06c_fk_funcionar; Type: FK CONSTRAINT; Schema: public; Owner: postgres
--

ALTER TABLE ONLY public.cargo_funcionario
    ADD CONSTRAINT cargo_funcionario_id_funcionario_id_23ebe06c_fk_funcionar FOREIGN KEY (id_funcionario_id) REFERENCES public.funcionario(id_funcionario) DEFERRABLE INITIALLY DEFERRED;


--
-- Name: curso curso_id_area_formacao_id_1327797c_fk_area_form; Type: FK CONSTRAINT; Schema: public; Owner: postgres
--

ALTER TABLE ONLY public.curso
    ADD CONSTRAINT curso_id_area_formacao_id_1327797c_fk_area_form FOREIGN KEY (id_area_formacao_id) REFERENCES public.area_formacao(id_area_formacao) DEFERRABLE INITIALLY DEFERRED;


--
-- Name: curso curso_id_responsavel_id_d1f69e6f_fk_funcionario_id_funcionario; Type: FK CONSTRAINT; Schema: public; Owner: postgres
--

ALTER TABLE ONLY public.curso
    ADD CONSTRAINT curso_id_responsavel_id_d1f69e6f_fk_funcionario_id_funcionario FOREIGN KEY (id_responsavel_id) REFERENCES public.funcionario(id_funcionario) DEFERRABLE INITIALLY DEFERRED;


--
-- Name: departamento departamento_chefe_id_funcionario_83951d03_fk_funcionar; Type: FK CONSTRAINT; Schema: public; Owner: postgres
--

ALTER TABLE ONLY public.departamento
    ADD CONSTRAINT departamento_chefe_id_funcionario_83951d03_fk_funcionar FOREIGN KEY (chefe_id_funcionario_id) REFERENCES public.funcionario(id_funcionario) DEFERRABLE INITIALLY DEFERRED;


--
-- Name: disciplina_curso disciplina_curso_id_curso_id_86ac9031_fk_curso_id_curso; Type: FK CONSTRAINT; Schema: public; Owner: postgres
--

ALTER TABLE ONLY public.disciplina_curso
    ADD CONSTRAINT disciplina_curso_id_curso_id_86ac9031_fk_curso_id_curso FOREIGN KEY (id_curso_id) REFERENCES public.curso(id_curso) DEFERRABLE INITIALLY DEFERRED;


--
-- Name: disciplina_curso disciplina_curso_id_disciplina_id_89dd71e6_fk_disciplin; Type: FK CONSTRAINT; Schema: public; Owner: postgres
--

ALTER TABLE ONLY public.disciplina_curso
    ADD CONSTRAINT disciplina_curso_id_disciplina_id_89dd71e6_fk_disciplin FOREIGN KEY (id_disciplina_id) REFERENCES public.disciplina(id_disciplina) DEFERRABLE INITIALLY DEFERRED;


--
-- Name: disciplina disciplina_id_coordenador_id_233dfbfa_fk_funcionar; Type: FK CONSTRAINT; Schema: public; Owner: postgres
--

ALTER TABLE ONLY public.disciplina
    ADD CONSTRAINT disciplina_id_coordenador_id_233dfbfa_fk_funcionar FOREIGN KEY (id_coordenador_id) REFERENCES public.funcionario(id_funcionario) DEFERRABLE INITIALLY DEFERRED;


--
-- Name: disciplina disciplina_id_tipo_disciplina_i_14fd0ebf_fk_tipo_disc; Type: FK CONSTRAINT; Schema: public; Owner: postgres
--

ALTER TABLE ONLY public.disciplina
    ADD CONSTRAINT disciplina_id_tipo_disciplina_i_14fd0ebf_fk_tipo_disc FOREIGN KEY (id_tipo_disciplina_id) REFERENCES public.tipo_disciplina(id_tipo_disciplina) DEFERRABLE INITIALLY DEFERRED;


--
-- Name: django_admin_log django_admin_log_content_type_id_c4bce8eb_fk_django_co; Type: FK CONSTRAINT; Schema: public; Owner: postgres
--

ALTER TABLE ONLY public.django_admin_log
    ADD CONSTRAINT django_admin_log_content_type_id_c4bce8eb_fk_django_co FOREIGN KEY (content_type_id) REFERENCES public.django_content_type(id) DEFERRABLE INITIALLY DEFERRED;


--
-- Name: django_admin_log django_admin_log_user_id_c564eba6_fk_auth_user_id; Type: FK CONSTRAINT; Schema: public; Owner: postgres
--

ALTER TABLE ONLY public.django_admin_log
    ADD CONSTRAINT django_admin_log_user_id_c564eba6_fk_auth_user_id FOREIGN KEY (user_id) REFERENCES public.auth_user(id) DEFERRABLE INITIALLY DEFERRED;


--
-- Name: exame_admissao exame_admissao_candidato_id_8e813b17_fk_candidato_id_candidato; Type: FK CONSTRAINT; Schema: public; Owner: postgres
--

ALTER TABLE ONLY public.exame_admissao
    ADD CONSTRAINT exame_admissao_candidato_id_8e813b17_fk_candidato_id_candidato FOREIGN KEY (candidato_id) REFERENCES public.candidato(id_candidato) DEFERRABLE INITIALLY DEFERRED;


--
-- Name: exame_admissao exame_admissao_sala_id_83d5bafa_fk_sala_id_sala; Type: FK CONSTRAINT; Schema: public; Owner: postgres
--

ALTER TABLE ONLY public.exame_admissao
    ADD CONSTRAINT exame_admissao_sala_id_83d5bafa_fk_sala_id_sala FOREIGN KEY (sala_id) REFERENCES public.sala(id_sala) DEFERRABLE INITIALLY DEFERRED;


--
-- Name: falta_aluno falta_aluno_id_aluno_id_06e3db90_fk_aluno_id_aluno; Type: FK CONSTRAINT; Schema: public; Owner: postgres
--

ALTER TABLE ONLY public.falta_aluno
    ADD CONSTRAINT falta_aluno_id_aluno_id_06e3db90_fk_aluno_id_aluno FOREIGN KEY (id_aluno_id) REFERENCES public.aluno(id_aluno) DEFERRABLE INITIALLY DEFERRED;


--
-- Name: falta_aluno falta_aluno_id_disciplina_id_40f0e185_fk_disciplin; Type: FK CONSTRAINT; Schema: public; Owner: postgres
--

ALTER TABLE ONLY public.falta_aluno
    ADD CONSTRAINT falta_aluno_id_disciplina_id_40f0e185_fk_disciplin FOREIGN KEY (id_disciplina_id) REFERENCES public.disciplina(id_disciplina) DEFERRABLE INITIALLY DEFERRED;


--
-- Name: falta_aluno falta_aluno_id_turma_id_c9c64bc3_fk_turma_id_turma; Type: FK CONSTRAINT; Schema: public; Owner: postgres
--

ALTER TABLE ONLY public.falta_aluno
    ADD CONSTRAINT falta_aluno_id_turma_id_c9c64bc3_fk_turma_id_turma FOREIGN KEY (id_turma_id) REFERENCES public.turma(id_turma) DEFERRABLE INITIALLY DEFERRED;


--
-- Name: fatura fatura_ano_lectivo_id_58e7e3f2_fk_ano_lectivo_id_ano; Type: FK CONSTRAINT; Schema: public; Owner: postgres
--

ALTER TABLE ONLY public.fatura
    ADD CONSTRAINT fatura_ano_lectivo_id_58e7e3f2_fk_ano_lectivo_id_ano FOREIGN KEY (ano_lectivo_id) REFERENCES public.ano_lectivo(id_ano) DEFERRABLE INITIALLY DEFERRED;


--
-- Name: fatura fatura_id_aluno_id_a0830f15_fk_aluno_id_aluno; Type: FK CONSTRAINT; Schema: public; Owner: postgres
--

ALTER TABLE ONLY public.fatura
    ADD CONSTRAINT fatura_id_aluno_id_a0830f15_fk_aluno_id_aluno FOREIGN KEY (id_aluno_id) REFERENCES public.aluno(id_aluno) DEFERRABLE INITIALLY DEFERRED;


--
-- Name: funcionario funcionario_id_cargo_id_8f0d1dcf_fk_cargo_id_cargo; Type: FK CONSTRAINT; Schema: public; Owner: postgres
--

ALTER TABLE ONLY public.funcionario
    ADD CONSTRAINT funcionario_id_cargo_id_8f0d1dcf_fk_cargo_id_cargo FOREIGN KEY (id_cargo_id) REFERENCES public.cargo(id_cargo) DEFERRABLE INITIALLY DEFERRED;


--
-- Name: funcionario funcionario_usuario_id_89713158_fk_usuario_id_usuario; Type: FK CONSTRAINT; Schema: public; Owner: postgres
--

ALTER TABLE ONLY public.funcionario
    ADD CONSTRAINT funcionario_usuario_id_89713158_fk_usuario_id_usuario FOREIGN KEY (usuario_id) REFERENCES public.usuario(id_usuario) DEFERRABLE INITIALLY DEFERRED;


--
-- Name: historico_escolar historico_escolar_aluno_id_b6b2836f_fk_aluno_id_aluno; Type: FK CONSTRAINT; Schema: public; Owner: postgres
--

ALTER TABLE ONLY public.historico_escolar
    ADD CONSTRAINT historico_escolar_aluno_id_b6b2836f_fk_aluno_id_aluno FOREIGN KEY (aluno_id) REFERENCES public.aluno(id_aluno) DEFERRABLE INITIALLY DEFERRED;


--
-- Name: historico historico_id_aluno_id_4023c765_fk_aluno_id_aluno; Type: FK CONSTRAINT; Schema: public; Owner: postgres
--

ALTER TABLE ONLY public.historico
    ADD CONSTRAINT historico_id_aluno_id_4023c765_fk_aluno_id_aluno FOREIGN KEY (id_aluno_id) REFERENCES public.aluno(id_aluno) DEFERRABLE INITIALLY DEFERRED;


--
-- Name: historico historico_id_funcionario_id_848664a9_fk_funcionar; Type: FK CONSTRAINT; Schema: public; Owner: postgres
--

ALTER TABLE ONLY public.historico
    ADD CONSTRAINT historico_id_funcionario_id_848664a9_fk_funcionar FOREIGN KEY (id_funcionario_id) REFERENCES public.funcionario(id_funcionario) DEFERRABLE INITIALLY DEFERRED;


--
-- Name: historico historico_id_usuario_id_813e7f15_fk_usuario_id_usuario; Type: FK CONSTRAINT; Schema: public; Owner: postgres
--

ALTER TABLE ONLY public.historico
    ADD CONSTRAINT historico_id_usuario_id_813e7f15_fk_usuario_id_usuario FOREIGN KEY (id_usuario_id) REFERENCES public.usuario(id_usuario) DEFERRABLE INITIALLY DEFERRED;


--
-- Name: historico_login historico_login_id_aluno_id_4eac94a8_fk_aluno_id_aluno; Type: FK CONSTRAINT; Schema: public; Owner: postgres
--

ALTER TABLE ONLY public.historico_login
    ADD CONSTRAINT historico_login_id_aluno_id_4eac94a8_fk_aluno_id_aluno FOREIGN KEY (id_aluno_id) REFERENCES public.aluno(id_aluno) DEFERRABLE INITIALLY DEFERRED;


--
-- Name: historico_login historico_login_id_encarregado_id_4d1f18fa_fk_encarrega; Type: FK CONSTRAINT; Schema: public; Owner: postgres
--

ALTER TABLE ONLY public.historico_login
    ADD CONSTRAINT historico_login_id_encarregado_id_4d1f18fa_fk_encarrega FOREIGN KEY (id_encarregado_id) REFERENCES public.encarregado(id_encarregado) DEFERRABLE INITIALLY DEFERRED;


--
-- Name: historico_login historico_login_id_funcionario_id_29964efc_fk_funcionar; Type: FK CONSTRAINT; Schema: public; Owner: postgres
--

ALTER TABLE ONLY public.historico_login
    ADD CONSTRAINT historico_login_id_funcionario_id_29964efc_fk_funcionar FOREIGN KEY (id_funcionario_id) REFERENCES public.funcionario(id_funcionario) DEFERRABLE INITIALLY DEFERRED;


--
-- Name: historico_login historico_login_id_usuario_id_d90d54c8_fk_usuario_id_usuario; Type: FK CONSTRAINT; Schema: public; Owner: postgres
--

ALTER TABLE ONLY public.historico_login
    ADD CONSTRAINT historico_login_id_usuario_id_d90d54c8_fk_usuario_id_usuario FOREIGN KEY (id_usuario_id) REFERENCES public.usuario(id_usuario) DEFERRABLE INITIALLY DEFERRED;


--
-- Name: lista_espera lista_espera_candidato_id_b5b579a1_fk_candidato_id_candidato; Type: FK CONSTRAINT; Schema: public; Owner: postgres
--

ALTER TABLE ONLY public.lista_espera
    ADD CONSTRAINT lista_espera_candidato_id_b5b579a1_fk_candidato_id_candidato FOREIGN KEY (candidato_id) REFERENCES public.candidato(id_candidato) DEFERRABLE INITIALLY DEFERRED;


--
-- Name: matricula matricula_ano_lectivo_id_7cc38dde_fk_ano_lectivo_id_ano; Type: FK CONSTRAINT; Schema: public; Owner: postgres
--

ALTER TABLE ONLY public.matricula
    ADD CONSTRAINT matricula_ano_lectivo_id_7cc38dde_fk_ano_lectivo_id_ano FOREIGN KEY (ano_lectivo_id) REFERENCES public.ano_lectivo(id_ano) DEFERRABLE INITIALLY DEFERRED;


--
-- Name: matricula matricula_id_aluno_id_15c6b09a_fk_aluno_id_aluno; Type: FK CONSTRAINT; Schema: public; Owner: postgres
--

ALTER TABLE ONLY public.matricula
    ADD CONSTRAINT matricula_id_aluno_id_15c6b09a_fk_aluno_id_aluno FOREIGN KEY (id_aluno_id) REFERENCES public.aluno(id_aluno) DEFERRABLE INITIALLY DEFERRED;


--
-- Name: matricula matricula_id_turma_id_4036ed34_fk_turma_id_turma; Type: FK CONSTRAINT; Schema: public; Owner: postgres
--

ALTER TABLE ONLY public.matricula
    ADD CONSTRAINT matricula_id_turma_id_4036ed34_fk_turma_id_turma FOREIGN KEY (id_turma_id) REFERENCES public.turma(id_turma) DEFERRABLE INITIALLY DEFERRED;


--
-- Name: nota nota_id_aluno_id_b1fd8aaa_fk_aluno_id_aluno; Type: FK CONSTRAINT; Schema: public; Owner: postgres
--

ALTER TABLE ONLY public.nota
    ADD CONSTRAINT nota_id_aluno_id_b1fd8aaa_fk_aluno_id_aluno FOREIGN KEY (id_aluno_id) REFERENCES public.aluno(id_aluno) DEFERRABLE INITIALLY DEFERRED;


--
-- Name: nota nota_id_disciplina_id_89c0c4ef_fk_disciplina_id_disciplina; Type: FK CONSTRAINT; Schema: public; Owner: postgres
--

ALTER TABLE ONLY public.nota
    ADD CONSTRAINT nota_id_disciplina_id_89c0c4ef_fk_disciplina_id_disciplina FOREIGN KEY (id_disciplina_id) REFERENCES public.disciplina(id_disciplina) DEFERRABLE INITIALLY DEFERRED;


--
-- Name: nota nota_id_professor_id_51149855_fk_funcionario_id_funcionario; Type: FK CONSTRAINT; Schema: public; Owner: postgres
--

ALTER TABLE ONLY public.nota
    ADD CONSTRAINT nota_id_professor_id_51149855_fk_funcionario_id_funcionario FOREIGN KEY (id_professor_id) REFERENCES public.funcionario(id_funcionario) DEFERRABLE INITIALLY DEFERRED;


--
-- Name: nota nota_id_turma_id_0b5d21ac_fk_turma_id_turma; Type: FK CONSTRAINT; Schema: public; Owner: postgres
--

ALTER TABLE ONLY public.nota
    ADD CONSTRAINT nota_id_turma_id_0b5d21ac_fk_turma_id_turma FOREIGN KEY (id_turma_id) REFERENCES public.turma(id_turma) DEFERRABLE INITIALLY DEFERRED;


--
-- Name: pagamento pagamento_id_fatura_id_7b6e111e_fk_fatura_id_fatura; Type: FK CONSTRAINT; Schema: public; Owner: postgres
--

ALTER TABLE ONLY public.pagamento
    ADD CONSTRAINT pagamento_id_fatura_id_7b6e111e_fk_fatura_id_fatura FOREIGN KEY (id_fatura_id) REFERENCES public.fatura(id_fatura) DEFERRABLE INITIALLY DEFERRED;


--
-- Name: pagamento pagamento_id_recebedor_id_f08e96e2_fk_funcionar; Type: FK CONSTRAINT; Schema: public; Owner: postgres
--

ALTER TABLE ONLY public.pagamento
    ADD CONSTRAINT pagamento_id_recebedor_id_f08e96e2_fk_funcionar FOREIGN KEY (id_recebedor_id) REFERENCES public.funcionario(id_funcionario) DEFERRABLE INITIALLY DEFERRED;


--
-- Name: periodo periodo_id_responsavel_id_34b5b578_fk_funcionar; Type: FK CONSTRAINT; Schema: public; Owner: postgres
--

ALTER TABLE ONLY public.periodo
    ADD CONSTRAINT periodo_id_responsavel_id_34b5b578_fk_funcionar FOREIGN KEY (id_responsavel_id) REFERENCES public.funcionario(id_funcionario) DEFERRABLE INITIALLY DEFERRED;


--
-- Name: professor_disciplina professor_disciplina_id_disciplina_id_5bd49fa7_fk_disciplin; Type: FK CONSTRAINT; Schema: public; Owner: postgres
--

ALTER TABLE ONLY public.professor_disciplina
    ADD CONSTRAINT professor_disciplina_id_disciplina_id_5bd49fa7_fk_disciplin FOREIGN KEY (id_disciplina_id) REFERENCES public.disciplina(id_disciplina) DEFERRABLE INITIALLY DEFERRED;


--
-- Name: professor_disciplina professor_disciplina_id_funcionario_id_dce5e3d5_fk_funcionar; Type: FK CONSTRAINT; Schema: public; Owner: postgres
--

ALTER TABLE ONLY public.professor_disciplina
    ADD CONSTRAINT professor_disciplina_id_funcionario_id_dce5e3d5_fk_funcionar FOREIGN KEY (id_funcionario_id) REFERENCES public.funcionario(id_funcionario) DEFERRABLE INITIALLY DEFERRED;


--
-- Name: professor_disciplina professor_disciplina_id_turma_id_9b173dd1_fk_turma_id_turma; Type: FK CONSTRAINT; Schema: public; Owner: postgres
--

ALTER TABLE ONLY public.professor_disciplina
    ADD CONSTRAINT professor_disciplina_id_turma_id_9b173dd1_fk_turma_id_turma FOREIGN KEY (id_turma_id) REFERENCES public.turma(id_turma) DEFERRABLE INITIALLY DEFERRED;


--
-- Name: rup_candidato rupe_candidato_inscricao_id_f521243a_fk_candidato_id_candidato; Type: FK CONSTRAINT; Schema: public; Owner: postgres
--

ALTER TABLE ONLY public.rup_candidato
    ADD CONSTRAINT rupe_candidato_inscricao_id_f521243a_fk_candidato_id_candidato FOREIGN KEY (inscricao_id) REFERENCES public.candidato(id_candidato) DEFERRABLE INITIALLY DEFERRED;


--
-- Name: seccao seccao_id_departamento_id_ef46834e_fk_departame; Type: FK CONSTRAINT; Schema: public; Owner: postgres
--

ALTER TABLE ONLY public.seccao
    ADD CONSTRAINT seccao_id_departamento_id_ef46834e_fk_departame FOREIGN KEY (id_departamento_id) REFERENCES public.departamento(id_departamento) DEFERRABLE INITIALLY DEFERRED;


--
-- Name: turma turma_ano_lectivo_id_84aa55fe_fk_ano_lectivo_id_ano; Type: FK CONSTRAINT; Schema: public; Owner: postgres
--

ALTER TABLE ONLY public.turma
    ADD CONSTRAINT turma_ano_lectivo_id_84aa55fe_fk_ano_lectivo_id_ano FOREIGN KEY (ano_lectivo_id) REFERENCES public.ano_lectivo(id_ano) DEFERRABLE INITIALLY DEFERRED;


--
-- Name: turma turma_id_classe_id_2c33f433_fk_classe_id_classe; Type: FK CONSTRAINT; Schema: public; Owner: postgres
--

ALTER TABLE ONLY public.turma
    ADD CONSTRAINT turma_id_classe_id_2c33f433_fk_classe_id_classe FOREIGN KEY (id_classe_id) REFERENCES public.classe(id_classe) DEFERRABLE INITIALLY DEFERRED;


--
-- Name: turma turma_id_curso_id_077fd076_fk_curso_id_curso; Type: FK CONSTRAINT; Schema: public; Owner: postgres
--

ALTER TABLE ONLY public.turma
    ADD CONSTRAINT turma_id_curso_id_077fd076_fk_curso_id_curso FOREIGN KEY (id_curso_id) REFERENCES public.curso(id_curso) DEFERRABLE INITIALLY DEFERRED;


--
-- Name: turma turma_id_periodo_id_41eb71e7_fk_periodo_id_periodo; Type: FK CONSTRAINT; Schema: public; Owner: postgres
--

ALTER TABLE ONLY public.turma
    ADD CONSTRAINT turma_id_periodo_id_41eb71e7_fk_periodo_id_periodo FOREIGN KEY (id_periodo_id) REFERENCES public.periodo(id_periodo) DEFERRABLE INITIALLY DEFERRED;


--
-- Name: turma turma_id_responsavel_id_36441020_fk_funcionario_id_funcionario; Type: FK CONSTRAINT; Schema: public; Owner: postgres
--

ALTER TABLE ONLY public.turma
    ADD CONSTRAINT turma_id_responsavel_id_36441020_fk_funcionario_id_funcionario FOREIGN KEY (id_responsavel_id) REFERENCES public.funcionario(id_funcionario) DEFERRABLE INITIALLY DEFERRED;


--
-- Name: turma turma_id_sala_id_191ca2e1_fk_sala_id_sala; Type: FK CONSTRAINT; Schema: public; Owner: postgres
--

ALTER TABLE ONLY public.turma
    ADD CONSTRAINT turma_id_sala_id_191ca2e1_fk_sala_id_sala FOREIGN KEY (id_sala_id) REFERENCES public.sala(id_sala) DEFERRABLE INITIALLY DEFERRED;


--
-- Name: usuario usuario_cargo_id_f8845872_fk_cargo_id_cargo; Type: FK CONSTRAINT; Schema: public; Owner: postgres
--

ALTER TABLE ONLY public.usuario
    ADD CONSTRAINT usuario_cargo_id_f8845872_fk_cargo_id_cargo FOREIGN KEY (cargo_id) REFERENCES public.cargo(id_cargo) DEFERRABLE INITIALLY DEFERRED;


--
-- Name: usuario usuario_user_id_727981f6_fk_auth_user_id; Type: FK CONSTRAINT; Schema: public; Owner: postgres
--

ALTER TABLE ONLY public.usuario
    ADD CONSTRAINT usuario_user_id_727981f6_fk_auth_user_id FOREIGN KEY (user_id) REFERENCES public.auth_user(id) DEFERRABLE INITIALLY DEFERRED;


--
-- Name: vaga_curso vaga_curso_ano_lectivo_id_8d997f1a_fk_ano_lectivo_id_ano; Type: FK CONSTRAINT; Schema: public; Owner: postgres
--

ALTER TABLE ONLY public.vaga_curso
    ADD CONSTRAINT vaga_curso_ano_lectivo_id_8d997f1a_fk_ano_lectivo_id_ano FOREIGN KEY (ano_lectivo_id) REFERENCES public.ano_lectivo(id_ano) DEFERRABLE INITIALLY DEFERRED;


--
-- Name: vaga_curso vaga_curso_id_curso_id_dde9a39e_fk_curso_id_curso; Type: FK CONSTRAINT; Schema: public; Owner: postgres
--

ALTER TABLE ONLY public.vaga_curso
    ADD CONSTRAINT vaga_curso_id_curso_id_dde9a39e_fk_curso_id_curso FOREIGN KEY (id_curso_id) REFERENCES public.curso(id_curso) DEFERRABLE INITIALLY DEFERRED;


--
-- PostgreSQL database dump complete
--

\unrestrict dHvrnvLvsgkpMeAbfdDx19K6QuSJP3RVtjfOcQ8s0IebIIRTe1VoyWAkTpymH35

